date,symbol,open,high,low,close,volume,change,changePercent,vwap,changeOverTime,label,unadjustedVolume,adjClose
2021-01-05,META,268.29,272.4,268.21,270.97,9871600,2.68,0.99892,269.9675,0.0,2021-01-05,9871600,270.97
2021-01-06,META,262.0,267.75,260.01,263.31,24354149,1.31,0.5,263.2675,-0.028268812045614045,2021-01-06,24354149,263.31
2021-01-07,META,265.9,271.61,264.78,268.74,15789800,2.84,1.07,267.7575,-0.008229693323984266,2021-01-07,15789800,268.74
2021-01-08,META,268.31,268.95,263.18,267.57,18528300,-0.74,-0.2758,267.0025,-0.012547514484998468,2021-01-08,18528300,267.57
2021-01-11,META,260.48,263.47,255.9,256.84,30412300,-3.64,-1.4,259.1725,-0.05214599402147857,2021-01-11,30412300,256.84
2021-01-12,META,256.63,259.72,250.3,251.09,26449943,-5.54,-2.16,254.435,-0.07336605528287277,2021-01-12,26449943,251.09
2021-01-13,META,251.55,253.95,249.2,251.64,19528938,0.09,0.03577818,251.585,-0.07133631029265242,2021-01-13,19528938,251.64
2021-01-14,META,253.4,255.03,244.61,245.64,29739404,-7.76,-3.06,249.67,-0.09347898291323775,2021-01-14,29739404,245.64
2021-01-15,META,247.9,253.86,247.16,251.36,24942930,3.46,1.4,250.07,-0.07236963501494631,2021-01-15,24942930,251.36
2021-01-19,META,256.9,262.2,252.72,261.1,28028546,4.2,1.63,258.23,-0.03642469646086288,2021-01-19,28028546,261.1
2021-01-20,META,268.93,270.32,263.6,267.48,25199919,-1.45,-0.53917,267.5825,-0.012879654574307176,2021-01-20,25199919,267.48
2021-01-21,META,269.26,273.6,267.49,272.87,20838700,3.61,1.34,270.805,0.007011846329851856,2021-01-21,20838700,272.87
2021-01-22,META,272.01,278.47,272.0,274.5,21954042,2.49,0.91541,274.245,0.013027272391777478,2021-01-22,21954042,274.5
2021-01-25,META,278.14,280.1,271.51,278.01,19087000,-0.13,-0.04673905,276.94,0.02598073587481986,2021-01-25,19087000,278.01
2021-01-26,META,278.14,285.39,277.81,282.05,19373636,3.91,1.41,280.8475,0.040890135439347386,2021-01-26,19373636,282.05
2021-01-27,META,282.53,283.45,268.12,272.14,35346200,-10.39,-3.68,276.56,0.004317821161013979,2021-01-27,35346200,272.14
2021-01-28,META,277.18,286.79,264.7,265.0,37758844,-12.18,-4.39,273.4175,-0.02203195925748247,2021-01-28,37758844,265.0
2021-01-29,META,265.3,266.56,254.85,258.33,30389500,-6.97,-2.63,261.26,-0.04664723032069984,2021-01-29,30389500,258.33
2021-02-01,META,259.52,264.17,254.91,262.01,22914300,2.49,0.95946,260.1525,-0.03306639111340748,2021-02-01,22914300,262.01
2021-02-02,META,264.0,268.85,263.27,267.08,17320800,3.08,1.17,265.8,-0.014355832749012976,2021-02-02,17320800,267.08
2021-02-03,META,265.62,269.2,263.84,266.65,14223400,1.03,0.38777,266.3275,-0.01594272428682164,2021-02-03,14223400,266.65
2021-02-04,META,267.01,268.16,264.0,266.49,16060000,-0.52,-0.19475,266.415,-0.01653319555670374,2021-02-04,16060000,266.49
2021-02-05,META,266.8,269.17,265.67,268.1,12454400,1.3,0.48726,267.435,-0.010591578403513324,2021-02-05,12454400,268.1
2021-02-08,META,268.75,269.86,265.0,266.58,13755200,-2.17,-0.80744,267.5475,-0.01620105546739503,2021-02-08,13755200,266.58
2021-02-09,META,266.44,273.39,265.75,269.45,14613400,3.01,1.13,268.7575,-0.005609477063881707,2021-02-09,14613400,269.45
2021-02-10,META,272.45,273.8,267.72,271.87,14687200,-0.5765,-0.21288,271.46,0.0033214008930877448,2021-02-10,14687200,271.87
2021-02-11,META,271.89,273.58,268.49,270.39,12828600,-1.5,-0.55169,271.0875,-0.002140458353323438,2021-02-11,12828600,270.39
2021-02-12,META,270.52,271.18,268.34,270.5,9097600,-0.02,-0.00739317,270.135,-0.0017345093552793012,2021-02-12,9097600,270.5
2021-02-16,META,270.8,276.6,270.05,273.97,15417243,3.17,1.17,272.855,0.011071336310292557,2021-02-16,15417243,273.97
2021-02-17,META,271.24,273.97,269.58,273.57,12763240,2.33,0.85902,272.09,0.009595158135586868,2021-02-17,12763240,273.57
2021-02-18,META,269.57,271.95,266.03,269.39,15249134,-0.175,-0.06677301,269.235,-0.00583090379008766,2021-02-18,15249134,269.39
2021-02-19,META,269.86,270.27,260.15,261.56,25622600,-8.3,-3.08,265.46,-0.03472709155995135,2021-02-19,25622600,261.56
2021-02-22,META,257.95,263.07,257.53,260.33,17434900,2.38,0.92266,259.72,-0.039266339447171394,2021-02-22,17434900,260.33
2021-02-23,META,259.5,267.46,254.96,265.86,21924600,6.36,2.45,261.945,-0.01885817618186525,2021-02-23,21924600,265.86
2021-02-24,META,262.33,266.38,258.39,264.31,15736123,1.99,0.75477,262.8525,-0.024578366608849822,2021-02-24,15736123,264.31
2021-02-25,META,262.3,266.94,254.04,254.69,19053142,-7.61,-2.9,259.4925,-0.060080451710521565,2021-02-25,19053142,254.69
2021-02-26,META,256.47,265.55,256.47,257.62,26619517,1.15,0.4484,259.0275,-0.0492674465808024,2021-02-26,26619517,257.62
2021-03-01,META,260.82,266.65,257.9,264.91,22157300,4.09,1.57,262.57,-0.022364099346791178,2021-03-01,22157300,264.91
2021-03-02,META,265.78,266.71,258.65,259.0,15191722,-6.78,-2.55,262.535,-0.044174631878067805,2021-03-02,15191722,259.0
2021-03-03,META,260.29,260.99,255.1,255.41,15513515,-4.88,-1.87,257.9475,-0.05742333099605135,2021-03-03,15513515,255.41
2021-03-04,META,256.47,266.49,253.5,257.64,31626500,1.17,0.45619,258.525,-0.04919363767206719,2021-03-04,31626500,257.64
2021-03-05,META,260.67,265.45,255.61,264.28,26820100,3.61,1.38,261.5025,-0.0246890799719528,2021-03-05,26820100,264.28
2021-03-08,META,265.55,265.58,255.05,255.31,18391800,-10.24,-3.86,260.3725,-0.057792375539727714,2021-03-08,18391800,255.31
2021-03-09,META,261.18,268.53,259.81,265.74,22039740,4.56,1.75,263.815,-0.019301029634276934,2021-03-09,22039740,265.74
2021-03-10,META,268.64,268.97,262.87,264.9,14210318,-3.74,-1.39,266.345,-0.022401003801158947,2021-03-10,14210318,264.9
2021-03-11,META,268.11,277.9,267.82,273.88,21834000,5.77,2.15,271.9275,0.010739196220983738,2021-03-11,21834000,273.88
2021-03-12,META,269.14,269.74,264.02,268.4,20600200,-0.74,-0.27495,267.825,-0.009484444772484224,2021-03-12,20600200,268.4
2021-03-15,META,269.08,275.96,268.5,273.75,16856746,4.67,1.74,271.8225,0.010259438314204505,2021-03-15,16856746,273.75
2021-03-16,META,276.08,282.14,274.8,279.28,22437700,3.19,1.16,278.075,0.03066760157951043,2021-03-16,22437700,279.28
2021-03-17,META,275.71,286.23,275.41,284.01,21315044,8.31,3.01,280.34,0.048123408495405195,2021-03-17,21315044,284.01
2021-03-18,META,279.87,285.19,278.28,278.62,18754853,-1.25,-0.44664,280.49,0.028231907591246275,2021-03-18,18754853,278.62
2021-03-19,META,281.22,292.8,281.2,290.11,38930536,8.89,3.16,286.3325,0.07063512565966712,2021-03-19,38930536,290.11
2021-03-22,META,290.45,299.71,286.75,293.54,28273100,3.09,1.06,292.6125,0.08329335350776845,2021-03-22,28273100,293.54
2021-03-23,META,293.15,298.0,289.81,290.63,23000929,-2.52,-0.85963,292.8975,0.07255415728678449,2021-03-23,23000929,290.63
2021-03-24,META,291.0,291.72,281.16,282.14,18675046,-8.86,-3.04,286.505,0.041222275528656205,2021-03-24,18675046,282.14
2021-03-25,META,280.98,288.06,277.75,278.74,24505648,-2.24,-0.79721,281.3825,0.02867476104365796,2021-03-25,24505648,278.74
2021-03-26,META,278.3,284.5,277.77,283.02,17629200,4.72,1.7,280.8975,0.04446986751300863,2021-03-26,17629200,283.02
2021-03-29,META,285.77,293.18,284.7,290.82,21718831,5.05,1.77,288.6175,0.07325534191976968,2021-03-29,21718831,290.82
2021-03-30,META,289.83,292.47,286.7,288.0,17474537,-1.83,-0.6314,289.25,0.06284828578809454,2021-03-30,17474537,288.0
2021-03-31,META,289.99,296.5,288.61,294.53,19498200,4.54,1.57,292.4075,0.0869468944901648,2021-03-31,19498200,294.53
2021-04-01,META,298.4,302.4,296.6,298.66,17616000,0.26,0.08713137,299.015,0.10218843414400114,2021-04-01,17616000,298.66
2021-04-05,META,300.89,310.77,300.68,308.91,28237006,8.02,2.67,305.3125,0.14001549987083428,2021-04-05,28237006,308.91
2021-04-06,META,308.84,311.35,305.25,306.26,17335246,-2.58,-0.83538,307.925,0.130235819463409,2021-04-06,17335246,306.26
2021-04-07,META,306.34,314.25,305.5,313.09,22855241,6.75,2.2,309.795,0.1554415617965086,2021-04-07,22855241,313.09
2021-04-08,META,314.85,315.88,310.05,313.02,20894148,-1.83,-0.58123,313.45,0.15518323061593509,2021-04-08,20894148,313.02
2021-04-09,META,311.4,314.74,310.33,312.46,15988600,1.06,0.3404,312.2325,0.1531165811713473,2021-04-09,15988600,312.46
2021-04-12,META,311.05,312.15,307.93,311.54,10881935,0.49,0.15753,310.6675,0.14972137136952424,2021-04-12,10881935,311.54
2021-04-13,META,312.21,314.43,309.32,309.76,14036927,-2.45,-0.78473,311.43,0.14315237849208384,2021-04-13,14036927,309.76
2021-04-14,META,307.3,308.03,301.95,302.82,17421400,-4.48,-1.46,305.025,0.11754068716094013,2021-04-14,17421400,302.82
2021-04-15,META,306.34,310.14,304.1,307.82,14558300,1.48,0.48312,307.1,0.13599291434476135,2021-04-15,14558300,307.82
2021-04-16,META,308.17,308.95,304.61,306.18,13059200,-1.99,-0.64575,306.9775,0.12994058382846796,2021-04-16,13059200,306.18
2021-04-19,META,305.01,307.7,300.56,302.24,14553507,-2.77,-0.90817,303.8775,0.11540022880761702,2021-04-19,14553507,302.24
2021-04-20,META,301.99,305.1,297.21,302.65,16796442,0.66,0.21855,301.7375,0.11691331143669026,2021-04-20,16796442,302.65
2021-04-21,META,301.95,301.98,297.39,301.47,14863500,-0.475,-0.15897,300.6975,0.11255858582130851,2021-04-21,14863500,301.47
2021-04-22,META,301.33,302.92,296.04,296.52,16375400,-4.81,-1.6,299.2025,0.09429088090932547,2021-04-22,16375400,296.52
2021-04-23,META,298.76,302.59,297.15,301.13,17559498,2.37,0.79328,299.9075,0.11130383437280877,2021-04-23,17559498,301.13
2021-04-26,META,303.34,305.8,301.56,303.04,16172600,-0.2996,-0.09889893,303.435,0.1183525851570284,2021-04-26,16172600,303.04
2021-04-27,META,304.28,305.34,301.11,303.57,15309300,-0.71,-0.23334,303.575,0.12030852123851332,2021-04-27,15309300,303.57
2021-04-28,META,307.36,310.92,305.37,307.1,33907210,-0.26,-0.08459136,307.6875,0.13333579363029124,2021-04-28,33907210,307.1
2021-04-29,META,330.12,331.81,321.61,329.51,56526800,-0.61,-0.18478,328.2625,0.21603867586817715,2021-04-29,56526800,329.51
2021-04-30,META,326.14,329.82,324.5,325.08,26332423,-1.06,-0.32501,326.385,0.1996900025833117,2021-04-30,26332423,325.08
2021-05-03,META,326.17,328.55,321.84,322.58,18719500,-3.59,-1.1,324.785,0.190463888991401,2021-05-03,18719500,322.58
2021-05-04,META,320.02,322.19,313.12,318.36,24032600,-1.66,-0.51872,318.4225,0.17489020924825627,2021-05-04,24032600,318.36
2021-05-05,META,318.19,321.06,314.49,315.02,15577605,-3.17,-0.99626,317.19,0.16256412148946353,2021-05-05,15577605,315.02
2021-05-06,META,314.52,320.24,313.27,320.02,19012241,5.5,1.75,317.0125,0.18101634867328475,2021-05-06,19012241,320.02
2021-05-07,META,322.38,322.94,318.75,319.08,15916743,-3.3,-1.02,320.7875,0.17754732996272637,2021-05-07,15916743,319.08
2021-05-10,META,314.35,314.58,304.83,305.97,24239200,-8.38,-2.67,309.9325,0.12916559028674768,2021-05-10,24239200,305.97
2021-05-11,META,300.75,306.84,299.69,306.53,18920100,5.78,1.92,303.4525,0.13123223973133546,2021-05-11,18920100,306.53
2021-05-12,META,301.13,304.96,298.19,302.55,24645500,1.42,0.47156,301.7075,0.11654426689301389,2021-05-12,24645500,302.55
2021-05-13,META,306.08,308.86,302.77,305.26,18079200,-0.8233,-0.2679,305.7425,0.1265453740266449,2021-05-13,18079200,305.26
2021-05-14,META,309.54,316.85,309.08,315.94,19245724,6.4,2.07,312.8525,0.16595933129128682,2021-05-14,19245724,315.94
2021-05-17,META,313.55,315.68,311.58,315.46,15401343,1.91,0.60915,314.0675,0.16418791748163986,2021-05-17,15401343,315.46
2021-05-18,META,315.59,316.5,309.81,309.96,14522403,-5.63,-1.78,312.965,0.14389046757943658,2021-05-18,14522403,309.96
2021-05-19,META,304.19,314.66,303.57,313.59,19106244,9.4,3.09,309.0025,0.15728678451489064,2021-05-19,19106244,313.59
2021-05-20,META,313.58,319.25,313.16,318.61,17320241,5.03,1.6,316.15,0.17581282060744718,2021-05-20,17320241,318.61
2021-05-21,META,319.29,319.93,315.81,316.23,13600901,-3.06,-0.95838,317.815,0.16702956046794837,2021-05-21,13600901,316.23
2021-05-24,META,318.21,325.95,318.03,324.63,16445400,6.42,2.02,321.705,0.19802930213676784,2021-05-24,16445400,324.63
2021-05-25,META,327.08,329.18,324.8,327.79,16437000,0.71,0.21707,327.2125,0.20969110971694271,2021-05-25,16437000,327.79
2021-05-26,META,328.35,329.83,325.82,327.66,9686917,-0.69,-0.21014,327.915,0.20921135181016348,2021-05-26,9686917,327.66
2021-05-27,META,328.0,333.78,326.76,332.75,20477726,4.75,1.45,330.3225,0.2279957190832933,2021-05-27,20477726,332.75
2021-05-28,META,331.0,332.87,328.33,328.73,12037430,-2.27,-0.6858,330.2325,0.2131601284275011,2021-05-28,12037430,328.73
2021-06-01,META,330.15,331.42,326.64,329.13,11765906,-1.02,-0.30895,329.335,0.21463630660220678,2021-06-01,11765906,329.13
2021-06-02,META,330.38,331.87,327.12,329.15,11654300,-1.23,-0.3723,329.63,0.21471011551094188,2021-06-02,11654300,329.15
2021-06-03,META,325.78,327.38,323.48,326.04,12610800,0.26,0.07980846,325.67,0.2032328302026054,2021-06-03,12610800,326.04
2021-06-04,META,325.9,332.46,325.18,330.35,13289400,4.45,1.37,328.4725,0.21913865003505917,2021-06-04,13289400,330.35
2021-06-07,META,329.48,337.69,328.93,336.58,20136707,7.1,2.15,333.17,0.2421301251061001,2021-06-07,20136707,336.58
2021-06-08,META,336.7,338.3,332.24,333.68,14580500,-3.02,-0.89694,335.23,0.2314278333394839,2021-06-08,14580500,333.68
2021-06-09,META,335.74,336.8,330.0,330.25,13727946,-5.49,-1.64,333.1975,0.21876960549138258,2021-06-09,13727946,330.25
2021-06-10,META,330.79,333.94,328.55,332.46,13240229,1.67,0.50485,331.435,0.22692548990663153,2021-06-10,13240229,332.46
2021-06-11,META,332.58,332.83,328.93,331.26,13587916,-1.32,-0.3969,331.4,0.22249695538251446,2021-06-11,13587916,331.26
2021-06-14,META,331.9,336.82,329.81,336.77,12250800,4.87,1.47,333.825,0.2428313097390853,2021-06-14,12250800,336.77
2021-06-15,META,336.99,339.92,335.03,336.75,15795226,-0.24,-0.07121873,337.1725,0.2427575008303502,2021-06-15,15795226,336.75
2021-06-16,META,336.7,337.55,328.72,331.08,17232200,-5.62,-1.67,333.5125,0.22183267520389682,2021-06-16,17232200,331.08
2021-06-17,META,330.49,337.98,330.15,336.51,17794100,6.02,1.82,333.7825,0.2418717939255266,2021-06-17,17794100,336.51
2021-06-18,META,334.53,336.15,329.0,329.66,23039500,-4.87,-1.46,332.335,0.21659224268369193,2021-06-18,23039500,329.66
2021-06-21,META,331.09,332.92,327.65,332.29,11337522,1.2,0.36244,330.9875,0.22629811418238166,2021-06-21,11337522,332.29
2021-06-22,META,332.69,339.92,332.6,339.03,15345300,6.34,1.91,336.06,0.2511717164261724,2021-06-22,15345300,339.03
2021-06-23,META,339.35,343.42,338.2,340.59,14817824,1.24,0.3654,340.39,0.25692881130752454,2021-06-23,14817824,340.59
2021-06-24,META,341.85,344.9,341.79,343.18,12329100,1.33,0.38906,342.93,0.2664870649887441,2021-06-24,12329100,343.18
2021-06-25,META,342.59,344.12,339.68,341.37,14594444,-1.22,-0.35611,341.94,0.2598073587482008,2021-06-25,14594444,341.37
2021-06-28,META,342.46,358.14,341.77,355.64,29156132,13.18,3.85,349.5025,0.3124700151308262,2021-06-28,29156132,355.64
2021-06-29,META,356.27,356.74,349.05,351.89,21417305,-4.38,-1.23,353.4875,0.2986308447429602,2021-06-29,21417305,351.89
2021-06-30,META,352.17,352.92,347.17,347.71,15107514,-4.46,-1.27,349.9925,0.2832047828172859,2021-06-30,15107514,347.71
2021-07-01,META,346.82,354.67,346.5,354.39,17137021,7.57,2.18,350.595,0.3078569583348709,2021-07-01,17137021,354.39
2021-07-02,META,355.1,356.44,352.62,354.7,11524614,-0.4,-0.11264,354.715,0.3090009964202678,2021-07-02,11524614,354.7
2021-07-06,META,356.5,358.79,349.18,352.78,13488500,-3.72,-1.04,354.3125,0.3019153411816804,2021-07-06,13488500,352.78
2021-07-07,META,355.26,356.49,350.0,350.49,14218900,-4.77,-1.34,353.06,0.2934642211314904,2021-07-07,14218900,350.49
2021-07-08,META,345.73,348.33,342.56,345.65,14406500,-0.08,-0.02313944,345.5675,0.2756024652175515,2021-07-08,14406500,345.65
2021-07-09,META,345.32,350.71,345.27,350.42,13018700,5.1,1.48,347.93,0.2932058899509169,2021-07-09,13018700,350.42
2021-07-12,META,351.23,354.19,349.64,353.16,10018624,1.93,0.5495,352.055,0.303317710447651,2021-07-12,10018624,353.16
2021-07-13,META,351.5,358.49,348.8,352.09,11456000,0.59,0.16785,352.72,0.29936893383031316,2021-07-13,11456000,352.09
2021-07-14,META,354.56,355.2,346.73,347.63,13894221,-6.93,-1.95,351.03,0.28290954718234484,2021-07-14,13894221,347.63
2021-07-15,META,349.23,349.23,340.22,344.46,14781600,-4.77,-1.37,345.785,0.2712108351478022,2021-07-15,14781600,344.46
2021-07-16,META,344.91,345.99,340.14,341.16,11026100,-3.75,-1.09,343.05,0.2590323652064803,2021-07-16,11026100,341.16
2021-07-19,META,337.57,339.79,334.54,336.95,14372345,-0.62,-0.18367,337.2125,0.24349558991770293,2021-07-19,14372345,336.95
2021-07-20,META,338.8,343.45,334.5,341.66,11024300,2.86,0.84416,339.6025,0.2608775879248626,2021-07-20,11024300,341.66
2021-07-21,META,341.5,346.52,341.25,346.23,9279700,4.73,1.39,343.875,0.27774292357087504,2021-07-21,9279700,346.23
2021-07-22,META,346.68,351.54,345.21,351.19,12385441,4.51,1.3,348.655,0.2960475329372254,2021-07-22,12385441,351.19
2021-07-23,META,360.91,375.33,357.19,369.79,33694328,8.88,2.46,365.805,0.36468981806103984,2021-07-23,33694328,369.79
2021-07-26,META,369.58,374.44,368.22,372.46,14925222,2.88,0.77926,371.175,0.3745433073772002,2021-07-26,14925222,372.46
2021-07-27,META,371.91,373.15,364.55,367.81,15705447,-4.1,-1.1,369.355,0.3573827360962467,2021-07-27,15705447,367.81
2021-07-28,META,374.56,377.55,366.93,373.28,29676910,-1.28,-0.34173,373.08,0.3775694726353469,2021-07-28,29676910,373.28
2021-07-29,META,361.0,365.52,356.74,358.32,33413244,-2.68,-0.74238,360.395,0.3223604089013543,2021-07-29,33413244,358.32
2021-07-30,META,354.0,360.73,352.94,356.3,15976200,2.3,0.64972,355.9925,0.31490570911909055,2021-07-30,15976200,356.3
2021-08-02,META,358.1,359.4,350.74,351.95,13180439,-6.15,-1.72,355.0475,0.29885227146916615,2021-08-02,13180439,351.95
2021-08-03,META,352.73,353.77,347.7,351.24,12406100,-1.49,-0.42242,351.36,0.2962320552090636,2021-08-03,12406100,351.24
2021-08-04,META,352.42,360.48,351.51,358.92,14180600,6.5,1.84,355.8325,0.32457467616341296,2021-08-04,14180600,358.92
2021-08-05,META,359.64,363.9,356.9,362.97,10247207,3.33,0.92593,360.8525,0.33952098018230803,2021-08-05,10247207,362.97
2021-08-06,META,361.4,365.15,361.4,363.51,8925017,2.11,0.58384,362.865,0.3415138207181605,2021-08-06,8925017,363.51
2021-08-09,META,363.76,365.78,360.75,361.61,7798900,-2.15,-0.59105,362.975,0.33450197438830864,2021-08-09,7798900,361.61
2021-08-10,META,361.83,364.1,359.04,361.13,7469900,-0.695,-0.19346,361.525,0.3327305605786617,2021-08-10,7469900,361.13
2021-08-11,META,362.1,362.36,357.81,359.96,8400332,-2.14,-0.591,360.5575,0.3284127394176475,2021-08-11,8400332,359.96
2021-08-12,META,358.45,363.0,357.11,362.65,7175206,4.2,1.17,360.3025,0.33834003764254317,2021-08-12,7175206,362.65
2021-08-13,META,362.97,364.66,361.48,363.18,7195724,0.21,0.05785602,363.0725,0.3402959737240283,2021-08-13,7195724,363.18
2021-08-16,META,362.52,366.95,357.38,366.56,11232269,4.04,1.11,363.3525,0.35276967930029146,2021-08-16,11232269,366.56
2021-08-17,META,362.98,364.67,355.07,358.45,12328737,-4.53,-1.25,360.2925,0.32284016680813354,2021-08-17,12328737,358.45
2021-08-18,META,356.25,359.86,355.15,355.45,10042400,-0.8,-0.22456,356.6775,0.311768830497841,2021-08-18,10042400,355.45
2021-08-19,META,351.35,357.57,351.0,355.12,12004535,3.77,1.07,353.76,0.3105509835037088,2021-08-19,12004535,355.12
2021-08-20,META,354.6,359.99,353.31,359.37,8697700,4.77,1.35,356.8175,0.3262353766099566,2021-08-20,8697700,359.37
2021-08-23,META,359.44,365.69,359.1,363.35,10942007,3.91,1.09,361.895,0.3409233494482784,2021-08-23,10942007,363.35
2021-08-24,META,363.66,367.96,361.84,365.51,9235148,1.85,0.50872,364.7425,0.34889471159168894,2021-08-24,9235148,365.51
2021-08-25,META,365.6,370.86,365.4,368.39,9684519,2.79,0.76313,367.5625,0.3595231944495698,2021-08-25,9684519,368.39
2021-08-26,META,368.38,369.44,364.13,364.38,7888700,-4.0,-1.09,366.5825,0.3447245082481454,2021-08-26,7888700,364.38
2021-08-27,META,365.1,373.74,364.08,372.63,11219142,7.53,2.06,368.8875,0.3751706831014503,2021-08-27,11219142,372.63
2021-08-30,META,372.56,381.49,370.52,380.66,13547300,8.1,2.17,376.3075,0.40480495995866694,2021-08-30,13547300,380.66
2021-08-31,META,379.95,382.76,378.8,379.38,12345400,-0.57,-0.15002,380.2225,0.4000811897996086,2021-08-31,12345400,379.38
2021-09-01,META,379.59,384.33,378.81,382.05,11567200,2.46,0.64807,381.195,0.4099346791157692,2021-09-01,11567200,382.05
2021-09-02,META,381.5,381.75,374.06,375.28,14838274,-6.22,-1.63,378.1475,0.38495036350887535,2021-09-02,14838274,375.28
2021-09-03,META,374.75,377.16,373.11,376.26,7511356,1.51,0.40294,375.32,0.38856700003690436,2021-09-03,7511356,376.26
2021-09-07,META,375.88,382.96,373.15,382.18,10798920,6.3,1.68,378.5425,0.41041443702254843,2021-09-07,10798920,382.18
2021-09-08,META,380.16,380.87,374.79,377.57,11067200,-2.59,-0.68129,378.3475,0.39340148355906535,2021-09-08,11067200,377.57
2021-09-09,META,377.64,379.83,376.57,378.0,9098941,0.36,0.09532888,378.01,0.3949883750968741,2021-09-09,9098941,378.0
2021-09-10,META,381.36,383.79,378.26,378.69,11549600,-2.67,-0.70013,380.525,0.39753478244824136,2021-09-10,11549600,378.69
2021-09-13,META,381.68,381.75,374.35,376.51,13026300,-5.17,-1.35,378.5725,0.3894896113960953,2021-09-13,13026300,376.51
2021-09-14,META,377.4,378.59,375.11,376.53,8711600,-0.87,-0.23052,376.9075,0.3895634203048306,2021-09-14,8711600,376.53
2021-09-15,META,377.0,377.56,367.67,373.92,17940300,-3.08,-0.81698,374.0375,0.3799313577148762,2021-09-15,17940300,373.92
2021-09-16,META,372.79,373.56,369.71,373.06,11934217,0.27,0.07242684,372.28,0.37675757463925885,2021-09-16,11934217,373.06
2021-09-17,META,371.41,371.41,361.59,364.72,26299000,-6.68,-1.8,367.2825,0.34597925969664534,2021-09-17,26299000,364.72
2021-09-20,META,359.3,361.03,349.8,355.7,19822800,-3.6,-1.0,356.4575,0.3126914418570319,2021-09-20,19822800,355.7
2021-09-21,META,358.5,360.04,355.19,357.48,11751917,-1.02,-0.28452,357.8025,0.3192604347344723,2021-09-21,11751917,357.48
2021-09-22,META,347.23,349.84,340.69,343.21,43692900,-4.02,-1.16,345.2425,0.26659777835184695,2021-09-22,43692900,343.21
2021-09-23,META,345.36,349.67,343.0,345.96,21806300,0.605,0.17373,345.9975,0.27674650330294837,2021-09-23,21806300,345.96
2021-09-24,META,343.24,354.35,342.37,352.96,18801933,9.72,2.83,348.23,0.30257962136029803,2021-09-24,18801933,352.96
2021-09-27,META,349.81,355.15,347.08,353.58,15205843,3.77,1.08,351.405,0.3048676975310918,2021-09-27,15205843,353.58
2021-09-28,META,347.97,349.6,338.92,340.65,21710300,-7.32,-2.1,344.285,0.2571502380337305,2021-09-28,21710300,340.65
2021-09-29,META,343.15,345.23,338.88,339.61,14452241,-3.54,-1.03,341.7175,0.25331217477949575,2021-09-29,14452241,339.61
2021-09-30,META,340.45,342.8,338.15,339.39,16547100,-1.06,-0.31135,340.1975,0.2525002767834075,2021-09-30,16547100,339.39
2021-10-01,META,341.61,345.02,338.64,343.01,14905311,1.4,0.40982,342.07,0.265859689264494,2021-10-01,14905311,343.01
2021-10-04,META,335.53,335.94,322.7,326.23,42885000,-9.3,-2.77,330.1,0.2039340148355906,2021-10-04,42885000,326.23
2021-10-05,META,328.58,335.18,326.16,332.96,35377947,4.38,1.33,330.72,0.22877071262501358,2021-10-05,35377947,332.96
2021-10-06,META,329.74,334.38,325.8,333.64,26443010,3.9,1.18,330.89,0.23128021552201328,2021-10-06,26443010,333.64
2021-10-07,META,337.0,338.84,328.98,329.22,28307500,-7.78,-2.31,333.51,0.2149684466915156,2021-10-07,28307500,329.22
2021-10-08,META,331.51,333.4,328.71,330.05,15946110,-1.46,-0.44041,330.9175,0.21803151640402985,2021-10-08,15946110,330.05
2021-10-11,META,327.63,330.46,325.31,325.45,14708224,-2.18,-0.66538,327.2125,0.2010554673949143,2021-10-11,14708224,325.45
2021-10-12,META,323.03,324.38,317.37,323.77,31658700,0.74,0.22908,322.1375,0.1948555190611505,2021-10-12,31658700,323.77
2021-10-13,META,326.97,327.0,322.66,324.54,14761500,-2.43,-0.74319,325.2925,0.19769716204745902,2021-10-13,14761500,324.54
2021-10-14,META,328.36,330.52,327.1,328.53,14302200,0.175,0.05177244,328.6275,0.21242203934014814,2021-10-14,14302200,328.53
2021-10-15,META,328.68,329.07,322.51,324.76,21596400,-3.92,-1.19,326.255,0.19850906004354707,2021-10-15,21596400,324.76
2021-10-18,META,328.95,335.89,327.5,335.34,21585018,6.39,1.94,331.92,0.2375539727645124,2021-10-18,21585018,335.34
2021-10-19,META,339.65,342.46,337.28,339.99,18786316,0.345,0.1001,339.845,0.2547145440454661,2021-10-19,18786316,339.99
2021-10-20,META,343.45,343.98,339.45,340.78,13639500,-2.67,-0.77741,341.915,0.2576299959405097,2021-10-20,13639500,340.78
2021-10-21,META,340.28,342.31,337.8,341.88,16354423,1.61,0.4702,340.5675,0.2616894859209504,2021-10-21,16354423,341.88
2021-10-22,META,326.35,329.63,321.11,324.61,35224543,-1.74,-0.53317,325.425,0.19795549322803252,2021-10-22,35224543,324.61
2021-10-25,META,320.3,329.56,319.72,328.69,38409000,8.39,2.62,324.5675,0.21301251061003046,2021-10-25,38409000,328.69
2021-10-26,META,328.26,330.21,309.6,315.81,65654043,-12.45,-3.79,320.97,0.16547957338450736,2021-10-26,65654043,315.81
2021-10-27,META,314.19,319.25,312.06,312.22,29971800,-1.97,-0.62701,314.43,0.15223087426652393,2021-10-27,29971800,312.22
2021-10-28,META,312.99,325.52,308.11,316.92,50806840,3.93,1.26,315.885,0.16957596781931583,2021-10-28,50806840,316.92
2021-10-29,META,320.19,326.0,319.6,323.57,37059400,3.38,1.06,322.34,0.19411742997379777,2021-10-29,37059400,323.57
2021-11-01,META,326.04,333.45,326.0,329.98,31518900,3.94,1.21,328.8675,0.21777318522345634,2021-11-01,31518900,329.98
2021-11-02,META,331.38,334.79,323.8,328.08,28353000,-3.3,-0.99584,329.5125,0.21076133889360427,2021-11-02,28353000,328.08
2021-11-03,META,327.49,332.15,323.2,331.62,20786502,4.13,1.26,328.615,0.22382551573974974,2021-11-03,20786502,331.62
2021-11-04,META,334.01,337.27,332.65,335.85,22495300,1.84,0.55088,334.945,0.23943609993726245,2021-11-04,22495300,335.85
2021-11-05,META,340.31,346.79,339.64,341.13,26872817,0.82,0.24096,341.9675,0.25892165184337745,2021-11-05,26872817,341.13
2021-11-08,META,344.42,344.79,338.34,338.62,18342500,-5.8,-1.68,341.5425,0.24965863379709918,2021-11-08,18342500,338.62
2021-11-09,META,340.0,341.31,334.47,335.37,17556721,-4.63,-1.36,337.7875,0.2376646861276155,2021-11-09,17556721,335.37
2021-11-10,META,332.49,333.19,325.51,327.64,21872605,-4.85,-1.46,329.7075,0.20913754290142794,2021-11-10,21872605,327.64
2021-11-11,META,329.82,332.46,327.0,327.74,12376600,-2.08,-0.63065,329.255,0.20950658744510453,2021-11-11,12376600,327.74
2021-11-12,META,330.18,341.86,329.78,340.89,25414311,10.71,3.24,335.6775,0.25803594493855386,2021-11-12,25414311,340.89
2021-11-15,META,344.34,353.65,343.2,347.56,25076603,3.22,0.93512,347.1875,0.28265121600177134,2021-11-15,25076603,347.56
2021-11-16,META,343.83,346.65,340.87,342.96,18181106,-0.87,-0.25303,343.5775,0.2656751669926558,2021-11-16,18181106,342.96
2021-11-17,META,344.24,347.3,340.1,340.77,13602812,-3.47,-1.01,343.1025,0.2575930914861422,2021-11-17,13602812,340.77
2021-11-18,META,339.72,342.46,335.3,338.69,17487235,-1.03,-0.30319,339.0425,0.24991696497767268,2021-11-18,17487235,338.69
2021-11-19,META,342.2,352.1,339.9,345.3,26488541,3.1,0.9059,344.875,0.2743108093146842,2021-11-19,26488541,345.3
2021-11-22,META,349.05,353.83,340.51,341.01,27116811,-8.04,-2.3,346.1,0.25847879839096555,2021-11-22,27116811,341.01
2021-11-23,META,338.93,341.4,333.5,337.25,17225000,-1.68,-0.49568,337.77,0.24460272354873225,2021-11-23,17225000,337.25
2021-11-24,META,336.0,341.78,332.81,341.06,13566200,5.06,1.51,337.9125,0.25866332066280395,2021-11-24,13566200,341.06
2021-11-26,META,335.8,337.75,331.9,333.12,14750737,-2.68,-0.79809,334.6425,0.2293611838948959,2021-11-26,14750737,333.12
2021-11-29,META,336.89,340.67,335.31,338.03,16650949,1.14,0.33839,337.725,0.2474812709894081,2021-11-29,16650949,338.03
2021-11-30,META,335.0,335.81,323.43,324.46,25390008,-10.54,-3.15,329.675,0.19740192641251775,2021-11-30,25390008,324.46
2021-12-01,META,330.29,330.5,310.29,310.6,30384083,-19.69,-5.96,320.42,0.14625235265896586,2021-12-01,30384083,310.6
2021-12-02,META,311.4,314.6,307.2,310.39,24396200,-1.01,-0.32434,310.8975,0.14547735911724535,2021-12-02,24396200,310.39
2021-12-03,META,313.73,313.75,299.5,306.84,27471010,-6.89,-2.2,308.455,0.13237627781673234,2021-12-03,27471010,306.84
2021-12-06,META,308.13,320.1,306.34,317.87,21758340,9.74,3.16,313.11,0.17308189098424176,2021-12-06,21758340,317.87
2021-12-07,META,321.57,326.54,321.0,322.81,18794047,1.24,0.38561,322.98,0.19131269144185703,2021-12-07,18794047,322.81
2021-12-08,META,325.0,332.75,323.07,330.56,19937722,5.56,1.71,327.845,0.21991364357677967,2021-12-08,19937722,330.56
2021-12-09,META,329.54,336.13,328.0,329.82,16879200,0.28,0.08496692,330.8725,0.21718271395357402,2021-12-09,16879200,329.82
2021-12-10,META,332.56,335.03,326.37,329.75,14528000,-2.81,-0.84496,330.9275,0.21692438277300052,2021-12-10,14528000,329.75
2021-12-13,META,330.95,341.09,329.59,334.49,22948700,3.54,1.07,334.03,0.23441709414326306,2021-12-13,22948700,334.49
2021-12-14,META,328.05,335.7,327.65,333.74,20461024,5.69,1.73,331.285,0.23164926006568987,2021-12-14,20461024,333.74
2021-12-15,META,332.49,342.11,323.98,341.66,24681326,9.17,2.76,335.06,0.2608775879248626,2021-12-15,24681326,341.66
2021-12-16,META,338.98,344.46,333.74,334.9,22635025,-4.08,-1.2,338.02,0.2359301767723363,2021-12-16,22635025,334.9
2021-12-17,META,332.8,337.11,330.75,333.79,40012637,0.995,0.29748,333.6125,0.23183378233752805,2021-12-17,40012637,333.79
2021-12-20,META,329.78,329.9,322.53,325.45,17901800,-4.32,-1.31,326.915,0.2010554673949143,2021-12-20,17901800,325.45
2021-12-21,META,326.41,336.0,323.75,334.2,16116800,7.79,2.39,330.09,0.2333468649666013,2021-12-21,16116800,334.2
2021-12-22,META,333.8,334.51,328.26,330.45,16764600,-3.35,-1.0,331.755,0.21950769457873553,2021-12-22,16764600,330.45
2021-12-23,META,330.1,336.67,328.36,335.24,13987700,5.14,1.56,332.5925,0.23718492822083626,2021-12-23,13987700,335.24
2021-12-27,META,338.85,347.87,338.01,346.18,17795026,7.33,2.16,342.7275,0.27755840129903664,2021-12-27,17795026,346.18
2021-12-28,META,346.63,352.71,345.2,346.22,16637608,-0.41,-0.11828,347.69,0.2777060191165073,2021-12-28,16637608,346.22
2021-12-29,META,346.91,349.69,341.64,342.94,10747009,-3.97,-1.14,345.295,0.2656013580839205,2021-12-29,10747009,342.94
2021-12-30,META,344.0,347.23,343.22,344.36,10593347,0.36,0.10465,344.7025,0.27084179060412583,2021-12-30,10593347,344.36
2021-12-31,META,343.02,343.44,336.27,336.35,12870500,-6.66,-1.94,339.77,0.2412813226556445,2021-12-31,12870500,336.35
2022-01-03,META,338.3,341.08,337.19,338.54,14562849,0.245,0.07094295,338.7775,0.24936339816215813,2022-01-03,14562849,338.54
2022-01-04,META,339.95,343.09,331.87,336.53,15998000,-3.42,-1.01,337.86,0.24194560283426192,2022-01-04,15998000,336.53
2022-01-05,META,333.02,335.76,323.84,324.17,20564521,-8.85,-2.66,329.1975,0.1963316972358562,2022-01-05,20564521,324.17
2022-01-06,META,322.82,339.17,322.72,332.46,27962809,9.64,2.99,329.2925,0.22692548990663153,2022-01-06,27962809,332.46
2022-01-07,META,332.74,337.0,328.88,331.79,14722020,-0.95,-0.28551,332.6025,0.2244528914639996,2022-01-07,14722020,331.79
2022-01-10,META,325.31,328.34,315.43,328.07,24942400,2.76,0.84842,324.2875,0.21072443443923672,2022-01-10,24942400,328.07
2022-01-11,META,326.78,334.63,325.28,334.37,16226847,7.59,2.32,330.265,0.23397424069085138,2022-01-11,16226847,334.37
2022-01-12,META,335.18,336.37,330.03,333.26,14104900,-1.92,-0.57283,333.71,0.2298778462560429,2022-01-12,14104900,333.26
2022-01-13,META,334.98,335.63,325.76,326.48,14797109,-8.5,-2.54,330.7125,0.20485662619478173,2022-01-13,14797109,326.48
2022-01-14,META,321.79,332.73,321.21,331.9,16868500,10.11,3.14,326.9075,0.22485884046204352,2022-01-14,16868500,331.9
2022-01-18,META,323.29,324.21,317.64,318.15,22677332,-5.14,-1.59,320.8225,0.17411521570653554,2022-01-18,22677332,318.15
2022-01-19,META,319.58,327.1,319.33,319.59,20814740,0.0078,0.00312911,321.4,0.17942945713547598,2022-01-19,20814740,319.59
2022-01-20,META,323.9,327.82,315.98,316.56,16925030,-7.34,-2.27,321.065,0.16824740746208056,2022-01-20,16925030,316.56
2022-01-21,META,314.81,318.31,303.04,303.17,28710717,-11.64,-3.7,309.8325,0.11883234306380785,2022-01-21,28710717,303.17
2022-01-24,META,297.84,309.53,289.01,308.71,38936901,10.87,3.65,301.2725,0.13927741078348133,2022-01-24,38936901,308.71
2022-01-25,META,299.95,306.23,297.58,300.15,25108500,0.2,0.06667778,300.9775,0.10768719784477976,2022-01-25,25108500,300.15
2022-01-26,META,307.01,307.51,290.85,294.63,28348801,-12.38,-4.03,300.0,0.08731593903384116,2022-01-26,28348801,294.63
2022-01-27,META,297.75,301.71,294.26,294.64,21629922,-3.11,-1.04,297.09,0.08735284348820893,2022-01-27,21629922,294.64
2022-01-28,META,295.62,301.9,293.03,301.71,21871620,6.09,2.06,298.065,0.11344429272613188,2022-01-28,21871620,301.71
2022-01-31,META,300.68,313.79,299.32,313.26,21579500,12.58,4.18,306.7625,0.15606893752075868,2022-01-31,21579500,313.26
2022-02-01,META,314.56,319.66,312.12,319.0,18023800,4.44,1.41,316.335,0.17725209432778533,2022-02-01,18023800,319.0
2022-02-02,META,327.82,328.0,316.87,323.0,58458300,-4.82,-1.47,323.9225,0.19201387607484222,2022-02-02,58458300,323.0
2022-02-03,META,244.65,248.0,235.75,237.76,188119925,-6.89,-2.82,241.54,-0.12255969295493974,2022-02-03,188119925,237.76
2022-02-04,META,234.97,242.61,230.11,237.09,89342247,2.12,0.90224,236.195,-0.12503229139757177,2022-02-04,89342247,237.09
2022-02-07,META,237.7,238.3,224.01,224.91,88613826,-12.79,-5.38,231.23,-0.16998191681735997,2022-02-07,88613826,224.91
2022-02-08,META,220.85,225.77,216.15,220.18,94729700,-0.67,-0.30337,220.7375,-0.18743772373325462,2022-02-08,94729700,220.18
2022-02-09,META,224.2,233.37,222.21,232.0,86563300,7.8,3.48,227.945,-0.1438166586707016,2022-02-09,86563300,232.0
2022-02-10,META,228.27,235.0,226.7,228.07,49310400,-0.2,-0.08761554,229.51,-0.1583201092371851,2022-02-10,49310400,228.07
2022-02-11,META,228.46,230.42,218.77,219.55,46156943,-8.91,-3.9,224.3,-0.18976270435841613,2022-02-11,46156943,219.55
2022-02-14,META,219.31,221.0,214.78,217.7,38184035,-1.61,-0.73412,218.1975,-0.19659002841643003,2022-02-14,38184035,217.7
2022-02-15,META,220.47,221.15,215.06,221.0,42685500,0.53,0.2404,219.42,-0.18441155847510804,2022-02-15,42685500,221.0
2022-02-16,META,212.41,217.46,212.36,216.54,45817500,4.13,1.94,214.6925,-0.20087094512307646,2022-02-16,45817500,216.54
2022-02-17,META,214.02,217.5,207.16,207.71,38747533,-6.31,-2.95,211.5975,-0.23345757832970448,2022-02-17,38747533,207.71
2022-02-18,META,209.39,210.75,205.18,206.16,37128438,-3.23,-1.54,207.87,-0.23917776875668906,2022-02-18,37128438,206.16
2022-02-22,META,202.34,207.48,200.06,202.08,39852400,-0.26,-0.1285,202.99,-0.254234786138687,2022-02-22,39852400,202.08
2022-02-23,META,204.16,206.94,198.05,198.45,44481400,-5.71,-2.8,201.9,-0.2676311030741412,2022-02-23,44481400,198.45
2022-02-24,META,191.06,208.35,190.22,207.6,49957200,16.54,8.66,199.3075,-0.2338635273277485,2022-02-24,49957200,207.6
2022-02-25,META,204.94,211.32,203.18,210.48,37627600,5.54,2.7,207.48,-0.22323504446986764,2022-02-25,37627600,210.48
2022-02-28,META,207.68,213.15,206.83,211.03,34239803,3.35,1.61,209.6725,-0.2212052994796473,2022-02-28,34239803,211.03
2022-03-01,META,209.87,211.75,202.22,203.49,27094902,-6.38,-3.04,206.8325,-0.24903125807284943,2022-03-01,27094902,203.49
2022-03-02,META,204.78,209.15,202.02,208.11,29452147,3.34,1.63,206.015,-0.23198140015499868,2022-03-02,29452147,208.11
2022-03-03,META,209.02,209.08,201.42,202.97,27263524,-6.04,-2.89,205.6225,-0.2509502896999669,2022-03-03,27263524,202.97
2022-03-04,META,202.37,205.89,198.79,200.06,32146264,-2.31,-1.14,201.7775,-0.26168948592095076,2022-03-04,32146264,200.06
2022-03-07,META,200.79,200.89,187.28,187.47,38560609,-13.32,-6.63,194.1075,-0.3081521939698122,2022-03-07,38560609,187.47
2022-03-08,META,187.85,196.7,186.11,190.29,37508149,2.44,1.3,190.2375,-0.29774513783813716,2022-03-08,37508149,190.29
2022-03-09,META,195.74,199.1,193.92,198.5,31894700,2.76,1.41,196.815,-0.2674465808023029,2022-03-09,31894700,198.5
2022-03-10,META,194.84,196.28,191.07,195.21,24853000,0.37,0.1899,194.35,-0.2795881462892572,2022-03-10,24853000,195.21
2022-03-11,META,192.64,193.56,186.67,187.61,34694534,-5.02,-2.61,190.12,-0.3076355316086652,2022-03-11,34694534,187.61
2022-03-14,META,187.03,192.29,185.82,186.63,31010500,-0.4,-0.21387,187.9425,-0.3112521681366942,2022-03-14,31010500,186.63
2022-03-15,META,190.8,192.28,185.91,192.03,31721700,1.23,0.64465,190.255,-0.2913237627781674,2022-03-15,31721700,192.03
2022-03-16,META,194.7,203.73,194.52,203.63,40640300,8.93,4.59,199.145,-0.24851459571170254,2022-03-16,40640300,203.63
2022-03-17,META,201.7,208.04,201.11,207.84,29499700,6.14,3.04,204.6725,-0.23297782042292514,2022-03-17,29499700,207.84
2022-03-18,META,206.7,216.8,206.0,216.49,52128000,9.79,4.74,211.4975,-0.20105546739491464,2022-03-18,52128000,216.49
2022-03-21,META,214.5,214.71,207.63,211.49,30142338,-3.01,-1.4,212.0825,-0.21950769457873565,2022-03-21,30142338,211.49
2022-03-22,META,211.37,219.46,210.18,216.65,31998800,5.28,2.5,214.415,-0.20046499612503232,2022-03-22,31998800,216.65
2022-03-23,META,213.33,216.8,212.16,213.46,23717321,0.13,0.06093845,213.9375,-0.21223751706831018,2022-03-23,23717321,213.46
2022-03-24,META,215.0,220.67,214.79,219.57,31502314,4.57,2.13,217.5075,-0.18968889544968093,2022-03-24,31502314,219.57
2022-03-25,META,220.51,225.5,218.89,221.82,40039026,1.31,0.59408,221.68,-0.18138539321696134,2022-03-25,40039026,221.82
2022-03-28,META,222.13,224.04,219.54,223.59,26224141,1.46,0.65727,222.325,-0.17485330479388872,2022-03-28,26224141,223.59
2022-03-29,META,226.07,230.89,225.29,229.86,31417900,3.79,1.68,228.0275,-0.15171421190537704,2022-03-29,31417900,229.86
2022-03-30,META,228.91,231.15,226.71,227.85,25588046,-1.06,-0.46306,228.655,-0.15913200723327314,2022-03-30,25588046,227.85
2022-03-31,META,228.45,228.49,222.26,222.36,24192300,-6.09,-2.67,225.39,-0.17939255268110865,2022-03-31,24192300,222.36
2022-04-01,META,224.55,227.28,222.7,224.85,19544800,0.3,0.1336,224.845,-0.1702033435435658,2022-04-01,19544800,224.85
2022-04-04,META,225.98,234.35,225.86,233.89,28100826,7.91,3.5,230.02,-0.13684171679521728,2022-04-04,28100826,233.89
2022-04-05,META,234.08,236.86,231.02,231.84,29727200,-2.24,-0.95694,233.45,-0.1444071299405839,2022-04-05,29727200,231.84
2022-04-06,META,226.91,228.99,221.41,223.3,28995100,-3.61,-1.59,225.1525,-0.17592353397055027,2022-04-06,28995100,223.3
2022-04-07,META,223.93,225.52,218.56,222.95,21037200,-0.98,-0.43764,222.74,-0.1772151898734179,2022-04-07,21037200,222.95
2022-04-08,META,222.38,225.13,220.03,222.33,18375711,-0.05,-0.02248404,222.4675,-0.17950326604421152,2022-04-08,18375711,222.33
2022-04-11,META,218.42,220.61,215.22,216.46,20516600,-1.96,-0.89735,217.6775,-0.2011661807580175,2022-04-11,20516600,216.46
2022-04-12,META,220.24,222.03,213.13,214.14,20128827,-6.1,-2.77,217.385,-0.2097280141713106,2022-04-12,20128827,214.14
2022-04-13,META,211.82,216.61,211.33,214.99,19231816,3.17,1.5,213.6875,-0.20659113555006092,2022-04-13,19231816,214.99
2022-04-14,META,214.89,214.99,210.0,210.18,18379500,-4.71,-2.19,212.515,-0.22434217810089685,2022-04-14,18379500,210.18
2022-04-18,META,210.0,213.38,208.3,210.77,16580800,0.77,0.36667,210.6125,-0.22216481529320597,2022-04-18,16580800,210.77
2022-04-19,META,210.52,218.43,209.0,217.31,20089900,6.79,3.23,213.815,-0.19802930213676795,2022-04-19,20089900,217.31
2022-04-20,META,213.61,214.16,198.92,200.42,43036528,-13.19,-6.17,206.7775,-0.2603609255637157,2022-04-20,43036528,200.42
2022-04-21,META,201.6,202.97,185.58,188.07,49954100,-13.53,-6.71,194.555,-0.30593792670775377,2022-04-21,49954100,188.07
2022-04-22,META,190.37,192.72,183.27,184.11,36426800,-6.26,-3.29,187.6175,-0.3205520906373399,2022-04-22,36426800,184.11
2022-04-25,META,182.73,187.18,181.66,186.99,29281100,4.26,2.33,184.64,-0.30992360777945904,2022-04-25,29281100,186.99
2022-04-26,META,186.63,187.19,179.5,180.95,31747434,-5.68,-3.04,183.5675,-0.332213898217515,2022-04-26,31747434,180.95
2022-04-27,META,174.43,181.21,169.0,174.95,71062900,0.52,0.29811,174.8975,-0.35435657083810024,2022-04-27,71062900,174.95
2022-04-28,META,202.92,208.53,192.9,205.73,100890600,2.81,1.38,202.52,-0.2407646602944976,2022-04-28,100890600,205.73
2022-04-29,META,204.46,212.48,199.9,200.47,49193434,-3.99,-1.95,204.3275,-0.2601764032918774,2022-04-29,49193434,200.47
2022-05-02,META,201.17,211.88,200.99,211.13,49915300,9.97,4.95,206.2925,-0.22083625493597092,2022-05-02,49915300,211.13
2022-05-03,META,210.45,214.9,208.09,212.03,41556300,1.58,0.75077,211.3675,-0.21751485404288307,2022-05-03,41556300,212.03
2022-05-04,META,210.65,224.3,206.96,223.41,41375900,12.76,6.06,216.33,-0.17551758497250625,2022-05-04,41375900,223.41
2022-05-05,META,218.74,220.17,206.16,208.28,41129200,-10.46,-4.78,213.3375,-0.23135402443074882,2022-05-05,41129200,208.28
2022-05-06,META,207.34,209.38,201.02,203.77,34747200,-3.57,-1.72,205.3775,-0.24799793335055542,2022-05-06,34747200,203.77
2022-05-09,META,199.84,202.57,195.58,196.21,36303200,-3.63,-1.82,198.55,-0.275897700852493,2022-05-09,36303200,196.21
2022-05-10,META,199.51,202.96,194.19,197.65,34452500,-1.86,-0.93228,198.5775,-0.27058345942355244,2022-05-10,34452500,197.65
2022-05-11,META,196.33,200.67,188.27,188.74,31153400,-7.58,-3.87,193.5025,-0.3034653282651216,2022-05-11,31153400,188.74
2022-05-12,META,187.06,198.05,184.78,191.24,38262226,4.19,2.23,190.2825,-0.2942392146732111,2022-05-12,38262226,191.24
2022-05-13,META,192.58,199.89,191.28,198.62,24549844,6.04,3.14,195.5925,-0.2670037273498912,2022-05-13,24549844,198.62
2022-05-16,META,197.05,205.37,195.93,200.04,27112600,2.99,1.52,199.5975,-0.2617632948296861,2022-05-16,27112600,200.04
2022-05-17,META,202.12,205.46,198.36,202.62,24872729,0.505,0.24738,202.14,-0.2522419456028343,2022-05-17,24872729,202.62
2022-05-18,META,200.0,201.0,191.63,192.24,23960000,-7.76,-3.88,196.2175,-0.2905487692364469,2022-05-18,23960000,192.24
2022-05-19,META,191.2,195.29,189.6,191.29,24446938,0.09,0.04707113,191.845,-0.29405469240137294,2022-05-19,24446938,191.29
2022-05-20,META,194.97,197.91,187.87,193.54,31465600,-1.43,-0.73345,193.5725,-0.28575119016865347,2022-05-20,31465600,193.54
2022-05-23,META,195.19,196.99,191.24,196.23,25059200,1.04,0.53281,194.9125,-0.27582389194375767,2022-05-23,25059200,196.23
2022-05-24,META,180.55,183.68,176.11,181.28,50406300,0.73,0.40432,180.405,-0.3309960512233827,2022-05-24,50406300,181.28
2022-05-25,META,180.4,185.45,179.32,183.83,28030200,3.43,1.9,182.25,-0.3215854153596339,2022-05-25,28030200,183.83
2022-05-26,META,182.88,192.83,182.26,191.63,23056500,8.75,4.78,187.4,-0.2927999409528731,2022-05-26,23056500,191.63
2022-05-27,META,191.36,195.33,189.8,195.13,22562727,3.77,1.97,192.905,-0.27988338192419837,2022-05-27,22562727,195.13
2022-05-31,META,194.89,197.6,192.01,193.64,26131103,-1.25,-0.64139,194.535,-0.2853821456249771,2022-05-31,26131103,193.64
2022-06-01,META,196.51,199.53,185.0,188.64,36623500,-7.87,-4.0,192.42,-0.3038343728087981,2022-06-01,36623500,188.64
2022-06-02,META,188.45,200.94,187.73,198.86,31951600,10.41,5.52,193.995,-0.2661180204450677,2022-06-02,31951600,198.86
2022-06-03,META,195.98,196.61,189.78,190.78,19465000,-5.2,-2.65,193.2875,-0.29593681957412266,2022-06-03,19465000,190.78
2022-06-06,META,193.99,196.92,188.4,194.25,30574242,0.26,0.13403,193.39,-0.2831309739085508,2022-06-06,30574242,194.25
2022-06-07,META,191.93,196.53,191.49,195.65,18828700,3.72,1.94,193.9,-0.2779643502970809,2022-06-07,18828700,195.65
2022-06-08,META,194.67,202.03,194.41,196.64,22267200,1.97,1.01,196.9375,-0.27431080931468443,2022-06-08,22267200,196.64
2022-06-09,META,194.28,199.45,183.68,184.0,23501600,-10.28,-5.29,190.3525,-0.32095803963538405,2022-06-09,23501600,184.0
2022-06-10,META,183.04,183.1,175.02,175.57,27478354,-7.47,-4.08,179.1825,-0.3520684946673064,2022-06-10,27478354,175.57
2022-06-13,META,170.59,172.58,164.03,164.26,31749304,-6.33,-3.71,167.865,-0.3938074325571097,2022-06-13,31749304,164.26
2022-06-14,META,166.03,166.75,161.36,163.73,27244300,-2.3,-1.39,164.4675,-0.39576336863859474,2022-06-14,27244300,163.73
2022-06-15,META,167.2,172.16,163.98,169.35,30008300,2.15,1.29,168.1725,-0.3750230652839799,2022-06-15,30008300,169.35
2022-06-16,META,163.72,165.08,159.61,160.87,26944143,-2.85,-1.74,162.32,-0.4063180425877404,2022-06-16,26944143,160.87
2022-06-17,META,161.68,165.9,159.9,163.74,31374215,2.06,1.27,162.805,-0.3957264641842271,2022-06-17,31374215,163.74
2022-06-21,META,165.93,167.76,155.97,157.05,50724900,-8.88,-5.35,161.6775,-0.42041554415617965,2022-06-21,50724900,157.05
2022-06-22,META,158.38,160.79,155.44,155.85,47596820,-2.53,-1.6,157.615,-0.42484407868029683,2022-06-22,47596820,155.85
2022-06-23,META,156.27,159.75,154.25,158.75,40499200,2.48,1.59,157.255,-0.41414178691368053,2022-06-23,40499200,158.75
2022-06-24,META,161.73,170.25,161.3,170.16,68736009,8.44,5.21,165.86,-0.37203380448020085,2022-06-24,68736009,170.16
2022-06-27,META,171.32,171.75,168.01,169.49,29174600,-1.83,-1.07,170.1425,-0.37450640292283277,2022-06-27,29174600,169.49
2022-06-28,META,169.9,171.3,160.61,160.68,27788725,-9.22,-5.43,165.6225,-0.4070192272207256,2022-06-28,27788725,160.68
2022-06-29,META,163.57,166.33,160.32,163.94,28595236,0.37,0.2262,163.54,-0.39498837509687423,2022-06-29,28595236,163.94
2022-06-30,META,162.15,165.23,158.49,161.25,35250605,-0.9,-0.55504,161.78,-0.40491567332177003,2022-06-30,35250605,161.25
2022-07-01,META,160.31,160.62,155.0,160.03,31423933,-0.28,-0.17466,158.99,-0.4094180167546223,2022-07-01,31423933,160.03
2022-07-05,META,158.14,168.25,157.02,168.19,28664799,10.05,6.36,162.9,-0.3793039819906263,2022-07-05,28664799,168.19
2022-07-06,META,168.2,171.59,165.46,169.77,23085921,1.57,0.93341,168.755,-0.3734730782005389,2022-07-06,23085921,169.77
2022-07-07,META,169.45,172.72,167.78,172.19,24083400,2.74,1.62,170.535,-0.3645422002435694,2022-07-07,24083400,172.19
2022-07-08,META,169.98,172.4,168.15,170.88,19249243,0.9,0.52947,170.3525,-0.36937668376573063,2022-07-08,19249243,170.88
2022-07-11,META,167.07,167.49,161.91,162.88,21905133,-4.19,-2.51,164.8375,-0.3989002472598443,2022-07-11,21905133,162.88
2022-07-12,META,164.8,165.91,162.1,163.27,16639700,-1.53,-0.9284,164.02,-0.39746097353950627,2022-07-12,16639700,163.27
2022-07-13,META,160.16,164.98,159.61,163.49,16555138,3.33,2.08,162.06,-0.3966490755434181,2022-07-13,16555138,163.49
2022-07-14,META,161.22,162.59,157.28,158.05,23765200,-3.17,-1.97,159.785,-0.41672509871941543,2022-07-14,23765200,158.05
2022-07-15,META,160.54,164.98,159.82,164.7,23342807,4.16,2.59,162.51,-0.3921836365649335,2022-07-15,23342807,164.7
2022-07-18,META,166.75,171.69,165.64,167.23,23574337,0.48,0.28786,167.8275,-0.38284680960992,2022-07-18,23574337,167.23
2022-07-19,META,170.37,176.49,169.51,175.78,25933700,5.41,3.18,173.0375,-0.3512935011255859,2022-07-19,25933700,175.78
2022-07-20,META,177.49,183.6,176.7,183.09,24784300,5.6,3.16,180.22,-0.32431634498283946,2022-07-20,24784300,183.09
2022-07-21,META,180.63,183.85,178.87,183.17,27195815,2.54,1.41,181.63,-0.3240211093478984,2022-07-21,27195815,183.17
2022-07-22,META,173.07,175.6,168.41,169.27,42583916,-3.8,-2.2,171.5875,-0.37531830091892093,2022-07-22,42583916,169.27
2022-07-25,META,169.0,170.57,164.81,166.65,26166326,-2.35,-1.39,167.7575,-0.38498726796324323,2022-07-25,26166326,166.65
2022-07-26,META,165.94,166.0,157.95,159.15,28468424,-6.79,-4.09,162.26,-0.41266560873897484,2022-07-26,28468424,159.15
2022-07-27,META,162.59,170.87,162.02,169.58,43846600,6.99,4.3,166.265,-0.37417426283352406,2022-07-27,43846600,169.58
2022-07-28,META,161.06,161.51,154.85,160.72,73214326,-0.34,-0.2111,159.535,-0.40687160940325506,2022-07-28,73214326,160.72
2022-07-29,META,157.69,160.14,155.17,159.1,42065400,1.41,0.89416,158.025,-0.41285013101081314,2022-07-29,42065400,159.1
2022-08-01,META,157.25,165.19,155.23,159.93,40596702,2.68,1.7,159.4,-0.4097870612982988,2022-08-01,40596702,159.93
2022-08-02,META,158.31,162.24,158.01,160.19,27374516,1.88,1.19,159.6875,-0.4088275454847401,2022-08-02,27374516,160.19
2022-08-03,META,162.69,169.54,161.57,168.8,31721900,6.11,3.76,165.65,-0.3770528102742001,2022-08-03,31721900,168.8
2022-08-04,META,168.3,172.15,166.8,170.57,23938212,2.28,1.35,169.455,-0.3705207218511275,2022-08-04,23938212,170.57
2022-08-05,META,166.99,171.61,165.8,167.11,25832701,0.12,0.07186059,167.8775,-0.3832896630623316,2022-08-05,25832701,167.11
2022-08-08,META,168.0,177.51,167.13,170.25,27299113,2.25,1.34,170.7225,-0.37170166439089203,2022-08-08,27299113,170.25
2022-08-09,META,168.95,169.53,166.6,168.53,18655100,-0.42,-0.24859,168.4025,-0.37804923054212647,2022-08-09,18655100,168.53
2022-08-10,META,175.99,180.48,173.95,178.34,30262132,2.35,1.34,177.19,-0.34184596080746954,2022-08-10,30262132,178.34
2022-08-11,META,179.71,183.1,176.37,177.49,24079100,-2.22,-1.24,179.1675,-0.3449828394287191,2022-08-11,24079100,177.49
2022-08-12,META,180.81,181.46,178.91,180.5,21274046,-0.31,-0.17145,180.42,-0.3338745986640588,2022-08-12,21274046,180.5
2022-08-15,META,178.96,181.44,178.2,180.89,15878700,1.93,1.08,179.8725,-0.33243532494372086,2022-08-15,15878700,180.89
2022-08-16,META,179.44,180.99,177.04,179.47,21156710,0.03,0.01671868,179.235,-0.337675757463926,2022-08-16,21156710,179.47
2022-08-17,META,176.76,178.14,174.17,174.85,20118133,-1.91,-1.08,175.98,-0.3547256153817767,2022-08-17,20118133,174.85
2022-08-18,META,174.34,175.76,171.86,174.66,18844500,0.32,0.18355,174.155,-0.3554268000147619,2022-08-18,18844500,174.66
2022-08-19,META,170.2,172.32,167.05,167.96,26240800,-2.24,-1.32,169.3825,-0.380152784441082,2022-08-19,26240800,167.96
2022-08-22,META,165.49,165.49,162.26,163.05,19499711,-2.44,-1.47,164.0725,-0.3982728715355943,2022-08-22,19499711,163.05
2022-08-23,META,162.48,165.05,160.7,161.11,18111800,-1.37,-0.84318,162.335,-0.4054323356829169,2022-08-23,18111800,161.11
2022-08-24,META,160.6,165.46,159.77,163.26,20891500,2.66,1.66,162.2725,-0.3974978779938739,2022-08-24,20891500,163.26
2022-08-25,META,165.18,168.88,164.02,168.78,15550514,3.6,2.18,166.715,-0.37712661918293544,2022-08-25,15550514,168.78
2022-08-26,META,168.48,170.92,161.67,161.78,24023633,-6.7,-3.98,165.7125,-0.402959737240285,2022-08-26,24023633,161.78
2022-08-29,META,160.66,163.05,159.01,159.17,20052700,-1.49,-0.92742,160.4725,-0.41259179983023964,2022-08-29,20052700,159.17
2022-08-30,META,160.35,161.66,155.91,157.16,19567948,-3.19,-1.99,158.77,-0.42000959515813563,2022-08-30,19567948,157.16
2022-08-31,META,167.07,167.84,162.14,162.93,40953000,-4.14,-2.48,164.995,-0.3987157249880061,2022-08-31,40953000,162.93
2022-09-01,META,163.58,167.36,160.35,165.36,30145700,1.78,1.09,164.1625,-0.389747942576669,2022-09-01,30145700,165.36
2022-09-02,META,167.45,167.93,159.22,160.32,22634200,-7.13,-4.26,163.73,-0.40834778757796075,2022-09-02,22634200,160.32
2022-09-06,META,160.1,161.69,157.69,158.54,19339800,-1.56,-0.97439,159.505,-0.41491678045540104,2022-09-06,19339800,158.54
2022-09-07,META,157.76,160.96,156.81,160.39,16831200,2.63,1.67,158.98,-0.40808945639738725,2022-09-07,16831200,160.39
2022-09-08,META,158.71,162.23,157.74,162.06,22530800,3.35,2.11,160.185,-0.401926412517991,2022-09-08,22530800,162.06
2022-09-09,META,163.25,169.54,163.02,169.15,22129802,5.9,3.61,166.24,-0.3757611543713326,2022-09-09,22129802,169.15
2022-09-12,META,167.39,171.39,167.28,168.96,23220405,1.57,0.93793,168.755,-0.3764623390043178,2022-09-12,23220405,168.96
2022-09-13,META,161.54,161.63,152.67,153.13,44444100,-8.41,-5.21,157.2425,-0.4348820902682955,2022-09-13,44444100,153.13
2022-09-14,META,153.33,153.54,149.05,151.47,43064200,-1.86,-1.21,151.8475,-0.4410082296933241,2022-09-14,43064200,151.47
2022-09-15,META,149.8,154.2,148.7,149.55,34606348,-0.25,-0.16689,150.5625,-0.44809388493191127,2022-09-15,34606348,149.55
2022-09-16,META,148.05,148.58,144.29,146.29,40122824,-1.76,-1.19,146.8025,-0.46012473705576273,2022-09-16,40122824,146.29
2022-09-19,META,145.24,148.58,145.1,148.02,22169500,2.78,1.91,146.735,-0.4537402664501605,2022-09-19,22169500,148.02
2022-09-20,META,145.78,148.84,145.22,146.09,23217400,0.315,0.21265,146.4825,-0.46086282614311547,2022-09-20,23217400,146.09
2022-09-21,META,146.39,149.6,142.0,142.12,38338614,-4.27,-2.92,145.0275,-0.4755138945270695,2022-09-21,38338614,142.12
2022-09-22,META,141.55,144.58,140.87,142.82,34418521,1.27,0.89721,142.455,-0.4729305827213346,2022-09-22,34418521,142.82
2022-09-23,META,141.42,142.62,138.89,140.41,31710700,-1.01,-0.71418,140.835,-0.4818245562239363,2022-09-23,31710700,140.41
2022-09-26,META,140.12,142.24,136.19,136.37,30497021,-3.75,-2.68,138.73,-0.4967339557884637,2022-09-26,30497021,136.37
2022-09-27,META,137.92,139.42,134.12,134.4,30826500,-3.52,-2.55,136.465,-0.5040041332988892,2022-09-27,30826500,134.4
2022-09-28,META,134.62,142.03,134.27,141.61,32658500,6.99,5.19,138.1325,-0.4773960216998192,2022-09-28,32658500,141.61
2022-09-29,META,139.36,139.84,135.2,136.41,38985414,-2.95,-2.12,137.7025,-0.49658633797099316,2022-09-29,38985414,136.41
2022-09-30,META,136.05,140.99,135.5,135.68,33166400,-0.37,-0.27196,137.055,-0.49928036313983104,2022-09-30,33166400,135.68
2022-10-03,META,137.14,139.62,136.1,138.61,27723100,1.47,1.07,137.8675,-0.4884673580101119,2022-10-03,27723100,138.61
2022-10-04,META,140.49,142.39,139.34,140.28,34670729,-0.21,-0.14948,140.625,-0.4823043141307156,2022-10-04,34670729,140.28
2022-10-05,META,138.24,140.21,134.78,138.98,27979348,0.74,0.5353,138.0525,-0.48710189319850916,2022-10-05,27979348,138.98
2022-10-06,META,137.72,141.45,136.6,139.07,36231100,1.35,0.98025,138.71,-0.48676975310920034,2022-10-06,36231100,139.07
2022-10-07,META,136.76,138.29,132.44,133.45,33214800,-3.31,-2.42,135.235,-0.5075100564638153,2022-10-07,33214800,133.45
2022-10-10,META,133.55,136.11,131.87,133.79,24024000,0.24,0.17971,133.83,-0.5062553050153153,2022-10-10,24024000,133.79
2022-10-11,META,131.62,132.66,126.99,128.54,38481403,-3.08,-2.34,129.9525,-0.5256301435583275,2022-10-11,38481403,128.54
2022-10-12,META,128.32,129.67,126.25,127.5,34605245,-0.82,-0.63903,127.935,-0.5294682068125623,2022-10-12,34605245,127.5
2022-10-13,META,123.53,131.14,122.53,130.29,34325715,6.76,5.47,126.8725,-0.5191718640439902,2022-10-13,34325715,130.29
2022-10-14,META,131.0,131.79,126.52,126.76,23559407,-4.24,-3.24,129.0175,-0.5321991364357679,2022-10-14,23559407,126.76
2022-10-17,META,130.3,134.79,130.18,134.04,29612245,3.74,2.87,132.3275,-0.5053326936561244,2022-10-17,29612245,134.04
2022-10-18,META,137.09,137.84,131.4,132.8,25445000,-4.28,-3.13,134.7825,-0.5099088459977119,2022-10-18,25445000,132.8
2022-10-19,META,132.89,137.0,132.22,133.23,30691047,0.34,0.25585,133.835,-0.5083219544599034,2022-10-19,30691047,133.23
2022-10-20,META,132.93,136.77,131.31,131.53,26356300,-1.4,-1.05,133.135,-0.5145957117024025,2022-10-20,26356300,131.53
2022-10-21,META,126.31,130.12,125.44,130.01,46348647,3.7,2.93,127.97,-0.5202051887662842,2022-10-21,46348647,130.01
2022-10-24,META,127.25,133.48,124.57,129.72,63563447,2.47,1.94,128.755,-0.5212754179429457,2022-10-24,63563447,129.72
2022-10-25,META,130.88,138.35,130.59,137.51,38433219,6.63,5.07,134.3325,-0.4925268479905526,2022-10-25,38433219,137.51
2022-10-26,META,131.68,135.55,128.53,129.82,89294679,-1.86,-1.41,131.395,-0.5209063733992694,2022-10-26,89294679,129.82
2022-10-27,META,97.98,102.5,96.38,97.94,232316600,-0.035,-0.04082466,98.7,-0.6385577739233126,2022-10-27,232316600,97.94
2022-10-28,META,99.58,100.85,97.51,99.2,95928306,-0.38,-0.3816,99.285,-0.6339078126729897,2022-10-28,95928306,99.2
2022-10-31,META,98.22,99.32,92.6,93.16,121361444,-5.06,-5.15,95.825,-0.6561981031110455,2022-10-31,121361444,93.16
2022-11-01,META,94.33,97.49,93.55,95.2,110189617,0.87,0.92229,95.1425,-0.6486695944200465,2022-11-01,110189617,95.2
2022-11-02,META,94.21,95.2,90.48,90.54,71821100,-3.66,-3.9,92.6075,-0.6658670701553677,2022-11-02,71821100,90.54
2022-11-03,META,90.08,90.46,88.41,88.91,60664012,-1.17,-1.3,89.465,-0.6718824962172935,2022-11-03,60664012,88.91
2022-11-04,META,90.35,91.39,88.09,90.79,55638100,0.44,0.487,90.155,-0.6649444587961767,2022-11-04,55638100,90.79
2022-11-07,META,94.78,96.88,93.1,96.72,81987300,1.94,2.05,95.37,-0.643060117356165,2022-11-07,81987300,96.72
2022-11-08,META,95.92,97.8,94.79,96.47,52088320,0.55,0.57339,96.245,-0.643982728715356,2022-11-08,52088320,96.47
2022-11-09,META,101.72,104.9,100.74,101.47,107677300,-0.25,-0.24577,102.2075,-0.6255305015315349,2022-11-09,107677300,101.47
2022-11-10,META,107.12,112.75,104.61,111.87,80671000,4.75,4.43,109.0875,-0.587149868989187,2022-11-10,80671000,111.87
2022-11-11,META,109.23,114.9,108.81,113.02,59961742,3.79,3.47,111.49,-0.5829058567369082,2022-11-11,59961742,113.02
2022-11-14,META,110.99,116.27,110.8,114.22,53395000,3.23,2.91,113.07,-0.5784773222127911,2022-11-14,53395000,114.22
2022-11-15,META,116.07,118.74,114.41,117.08,50670500,1.01,0.87016,116.575,-0.5679226482636455,2022-11-15,50670500,117.08
2022-11-16,META,114.5,116.08,112.66,113.23,33287800,-1.27,-1.11,114.1175,-0.5821308631951877,2022-11-16,33287800,113.23
2022-11-17,META,110.41,112.33,109.8,111.45,35093822,1.04,0.94194,110.9975,-0.588699856072628,2022-11-17,35093822,111.45
2022-11-18,META,113.8,114.32,110.62,112.05,33357707,-1.75,-1.54,112.6975,-0.5864855888105696,2022-11-18,33357707,112.05
2022-11-21,META,111.52,112.37,109.19,109.86,24351100,-1.66,-1.49,110.735,-0.5945676643170832,2022-11-21,24351100,109.86
2022-11-22,META,109.86,111.62,108.32,111.44,29029000,1.58,1.44,110.31,-0.5887367605269956,2022-11-22,29029000,111.44
2022-11-23,META,111.72,112.67,110.73,112.24,21343100,0.52,0.46545,111.84,-0.5857844041775844,2022-11-23,21343100,112.24
2022-11-25,META,111.3,112.73,111.02,111.41,12007600,0.11,0.09883199,111.615,-0.5888474738900986,2022-11-25,12007600,111.41
2022-11-28,META,110.78,112.04,108.38,108.78,23332816,-2.0,-1.81,109.995,-0.5985533453887885,2022-11-28,23332816,108.78
2022-11-29,META,109.54,110.94,108.54,109.46,23899238,-0.08,-0.07303268,109.62,-0.5960438424917889,2022-11-29,23899238,109.46
2022-11-30,META,109.51,118.16,109.38,118.1,43348600,8.59,7.84,113.7875,-0.564158393918146,2022-11-30,43348600,118.1
2022-12-01,META,119.2,121.2,118.4,120.44,36551400,1.24,1.04,119.81,-0.5555227515961176,2022-12-01,36551400,120.44
2022-12-02,META,117.83,124.04,117.61,123.49,39950500,5.66,4.8,120.7425,-0.5442668930139869,2022-12-02,39950500,123.49
2022-12-05,META,121.75,124.67,121.35,122.43,35474900,0.68,0.55852,122.55,-0.548178765176957,2022-12-05,35474900,122.43
2022-12-06,META,119.91,120.55,113.74,114.12,43689200,-5.79,-4.83,117.08,-0.5788463667564676,2022-12-06,43689200,114.12
2022-12-07,META,113.76,115.88,112.88,113.93,29461137,0.17,0.14944,114.1125,-0.5795475513894528,2022-12-07,29461137,113.93
2022-12-08,META,116.39,117.34,114.59,115.33,30619418,-1.06,-0.91073,115.9125,-0.5743809277779828,2022-12-08,30619418,115.33
2022-12-09,META,115.3,117.54,113.87,115.9,26033400,0.6,0.52038,115.6525,-0.5722773738790272,2022-12-09,26033400,115.9
2022-12-12,META,115.18,115.72,113.14,114.71,24747100,-0.47,-0.40806,114.6875,-0.5766690039487767,2022-12-12,24747100,114.71
2022-12-13,META,122.13,123.3,118.64,120.15,44701100,-1.98,-1.62,121.055,-0.5565929807727793,2022-12-13,44701100,120.15
2022-12-14,META,119.39,124.14,119.39,121.59,36922037,2.2,1.84,121.1275,-0.5512787393438388,2022-12-14,36922037,121.59
2022-12-15,META,118.33,118.63,114.01,116.15,34531000,-2.18,-1.84,116.78,-0.5713547625198362,2022-12-15,34531000,116.15
2022-12-16,META,120.23,123.31,118.82,119.43,67064001,-0.8,-0.66539,120.4475,-0.5592501014872495,2022-12-16,67064001,119.43
2022-12-19,META,116.83,117.8,114.33,114.48,29769900,-2.35,-2.01,115.86,-0.5775178063992323,2022-12-19,29769900,114.48
2022-12-20,META,113.26,117.33,112.46,117.09,28742501,3.83,3.38,115.035,-0.5678857438092778,2022-12-20,28742501,117.09
2022-12-21,META,116.7,120.34,115.62,119.76,20392800,3.06,2.62,118.105,-0.5580322544931173,2022-12-21,20392800,119.76
2022-12-22,META,117.2,118.62,114.38,117.12,23618121,-0.08,-0.06825939,116.83,-0.5677750304461748,2022-12-22,23618121,117.12
2022-12-23,META,116.03,118.18,115.54,118.04,17796625,2.01,1.73,116.9475,-0.5643798206443518,2022-12-23,17796625,118.04
2022-12-27,META,117.93,118.6,116.05,116.88,21392311,-1.05,-0.89036,117.365,-0.5686607373509983,2022-12-27,21392311,116.88
2022-12-28,META,116.25,118.15,115.51,115.62,19612500,-0.63,-0.54194,116.3825,-0.5733106986013212,2022-12-28,19612500,115.62
2022-12-29,META,116.4,121.03,115.77,120.26,22366200,3.86,3.32,118.365,-0.5561870317747353,2022-12-29,22366200,120.26
2022-12-30,META,118.16,120.42,117.74,120.34,19583825,2.18,1.84,119.165,-0.5558917961397941,2022-12-30,19583825,120.34
2023-01-03,META,122.82,126.37,122.28,124.74,35528531,1.92,1.56,124.0525,-0.5396538362180316,2023-01-03,35528531,124.74
2023-01-04,META,127.38,129.05,125.85,127.37,32397100,-0.01,-0.00785053,127.4125,-0.5299479647193417,2023-01-04,32397100,127.37
2023-01-05,META,126.13,128.52,124.54,126.94,25447100,0.815,0.64219,126.5325,-0.5315348562571502,2023-01-05,25447100,126.94
2023-01-06,META,128.97,130.33,126.04,130.02,27584500,1.05,0.81414,128.84,-0.5201682843119164,2023-01-06,27584500,130.02
2023-01-09,META,131.16,132.95,129.28,129.47,26649145,-1.69,-1.29,130.715,-0.5221980293021369,2023-01-09,26649145,129.47
2023-01-10,META,127.27,133.44,127.15,132.99,28684431,5.72,4.49,130.2125,-0.5092076613647267,2023-01-10,28684431,132.99
2023-01-11,META,130.96,133.85,130.34,132.89,25423046,1.93,1.47,132.01,-0.5095767059084033,2023-01-11,25423046,132.89
2023-01-12,META,133.44,137.68,131.76,136.71,30757732,3.27,2.45,134.8975,-0.49547920433996384,2023-01-12,30757732,136.71
2023-01-13,META,134.97,137.39,134.84,136.98,22423839,2.01,1.49,136.045,-0.4944827840720376,2023-01-13,22423839,136.98
2023-01-17,META,136.18,136.75,134.25,135.36,21147600,-0.816,-0.60214,135.635,-0.5004613056795955,2023-01-17,21147600,135.36
2023-01-18,META,135.81,137.25,132.8,133.02,20215500,-2.79,-2.05,134.72,-0.5090969480016239,2023-01-18,20215500,133.02
2023-01-19,META,132.49,137.45,132.14,136.15,28625232,3.66,2.76,134.5575,-0.49754585378455185,2023-01-19,28625232,136.15
2023-01-20,META,135.89,139.94,134.61,139.37,28688630,3.48,2.56,137.4525,-0.485662619478171,2023-01-20,28688630,139.37
2023-01-23,META,139.29,143.76,138.66,143.27,27470100,3.98,2.86,141.245,-0.4712698822747906,2023-01-23,27470100,143.27
2023-01-24,META,141.69,145.0,141.36,143.14,21970200,1.45,1.02,142.7975,-0.47174964018157006,2023-01-24,21970200,143.14
2023-01-25,META,141.22,143.17,140.31,141.5,26622021,0.28,0.19827,141.55,-0.47780197069786323,2023-01-25,26622021,141.5
2023-01-26,META,144.4,147.51,143.3,147.3,25482100,2.9,2.01,145.6275,-0.45639738716463074,2023-01-26,25482100,147.3
2023-01-27,META,148.24,153.19,147.39,151.74,35771900,3.5,2.36,150.14,-0.44001180942539764,2023-01-27,35771900,151.74
2023-01-30,META,149.41,151.12,146.95,147.06,28040100,-2.34,-1.57,148.635,-0.4572830940694542,2023-01-30,28040100,147.06
2023-01-31,META,147.95,149.88,147.52,148.97,29842109,1.02,0.68942,148.58,-0.4502343432852346,2023-01-31,29842109,148.97
2023-02-01,META,148.03,153.58,147.06,153.12,55661017,5.09,3.44,150.4475,-0.43491899472266304,2023-02-01,55661017,153.12
2023-02-02,META,183.38,197.16,180.16,188.77,150475700,5.39,2.94,187.3675,-0.30335461490201876,2023-02-02,150475700,188.77
2023-02-03,META,183.47,196.77,182.89,186.53,76809701,3.06,1.67,187.415,-0.3116212126803706,2023-02-03,76809701,186.53
2023-02-06,META,186.53,190.7,185.52,186.06,42483811,-0.47,-0.25197,187.2025,-0.31335572203564976,2023-02-06,42483811,186.06
2023-02-07,META,185.58,193.78,184.4,191.62,47080700,6.05,3.25,188.845,-0.29283684540724075,2023-02-07,47080700,191.62
2023-02-08,META,190.0,190.83,182.92,183.43,36139100,-6.57,-3.46,186.795,-0.3230615935343396,2023-02-08,36139100,183.43
2023-02-09,META,186.13,186.65,177.27,177.92,37118811,-8.21,-4.41,181.9925,-0.34339594789091055,2023-02-09,37118811,177.92
2023-02-10,META,176.35,178.89,173.35,174.15,33433600,-2.2,-1.25,175.685,-0.3573089271875116,2023-02-10,33433600,174.15
2023-02-13,META,178.22,181.0,175.82,179.43,31463223,1.22,0.67894,178.6175,-0.3378233752813965,2023-02-13,31463223,179.43
2023-02-14,META,177.16,181.51,175.88,179.48,24034631,2.32,1.31,178.5075,-0.3376388530095583,2023-02-14,24034631,179.48
2023-02-15,META,176.42,178.19,175.33,177.16,25337966,0.745,0.41945,176.775,-0.3462006864228513,2023-02-15,25337966,177.16
2023-02-16,META,172.75,175.85,171.79,172.44,25827500,-0.31,-0.17945,173.2075,-0.3636195888843784,2023-02-16,25827500,172.44
2023-02-17,META,170.22,173.18,169.7,172.88,24171300,2.66,1.56,171.495,-0.3619957928922022,2023-02-17,24171300,172.88
2023-02-21,META,174.31,178.17,171.88,172.08,34592600,-2.23,-1.28,174.11,-0.36494814924161345,2023-02-21,34592600,172.08
2023-02-22,META,171.07,172.76,169.69,171.12,22433200,0.05,0.0292278,171.16,-0.36849097686090715,2023-02-22,22433200,171.12
2023-02-23,META,172.0,173.69,169.38,172.04,20017800,0.04,0.02325581,171.7775,-0.3650957670590841,2023-02-23,20017800,172.04
2023-02-24,META,168.64,170.72,167.66,170.39,19791334,1.75,1.04,169.3525,-0.37118500202974514,2023-02-24,19791334,170.39
2023-02-27,META,171.88,173.12,169.06,169.54,19277002,-2.34,-1.36,170.9,-0.3743218806509947,2023-02-27,19277002,169.54
2023-02-28,META,171.9,177.55,171.87,174.94,46051117,3.04,1.77,174.065,-0.3543934752924679,2023-02-28,46051117,174.94
2023-03-01,META,174.59,177.85,173.05,173.42,30998400,-1.17,-0.67014,174.7275,-0.3600029523563495,2023-03-01,30998400,173.42
2023-03-02,META,172.38,175.01,171.43,174.53,17360708,2.15,1.25,173.3375,-0.35590655792154124,2023-03-02,17360708,174.53
2023-03-03,META,178.92,186.62,177.05,185.25,45877700,6.33,3.54,181.96,-0.3163449828394288,2023-03-03,45877700,185.25
2023-03-06,META,188.0,189.66,184.64,184.9,33209400,-3.1,-1.65,186.8,-0.3176366387422962,2023-03-06,33209400,184.9
2023-03-07,META,189.0,190.36,184.01,184.51,36701500,-4.49,-2.38,186.97,-0.31907591246263434,2023-03-07,36701500,184.51
2023-03-08,META,182.87,185.26,181.34,184.97,19432405,2.1,1.15,183.61,-0.3173783075617228,2023-03-08,19432405,184.97
2023-03-09,META,186.35,188.93,180.3,181.69,26582800,-4.66,-2.5,184.3175,-0.32948296859430937,2023-03-09,26582800,181.69
2023-03-10,META,181.01,184.77,178.8,179.51,25665032,-1.5,-0.82868,181.0225,-0.33752813964645545,2023-03-10,25665032,179.51
2023-03-13,META,177.96,183.78,174.82,180.9,24728000,2.94,1.65,179.365,-0.3323984204893531,2023-03-13,24728000,180.9
2023-03-14,META,187.58,194.32,186.56,194.02,41642627,6.44,3.43,190.62,-0.2839797763590066,2023-03-14,41642627,194.02
2023-03-15,META,192.95,197.78,190.84,197.75,42123600,4.8,2.49,194.83,-0.2702144148798761,2023-03-15,42123600,197.75
2023-03-16,META,198.26,205.76,196.09,204.93,50819659,6.67,3.36,201.26,-0.243717016643909,2023-03-16,50819659,204.93
2023-03-17,META,200.56,201.9,195.43,195.61,50141100,-4.95,-2.47,198.375,-0.2781119681145514,2023-03-17,50141100,195.61
2023-03-20,META,198.48,199.36,193.64,197.81,25186315,-0.67,-0.33757,197.3225,-0.26999298815367023,2023-03-20,25186315,197.81
2023-03-21,META,203.2,203.55,197.95,202.16,31827000,-1.04,-0.51181,201.715,-0.25393955050374584,2023-03-21,31827000,202.16
2023-03-22,META,202.5,207.37,199.67,199.81,28477800,-2.69,-1.33,202.3375,-0.2626120972801418,2023-03-22,28477800,199.81
2023-03-23,META,202.84,207.88,202.15,204.28,27389700,1.44,0.70992,204.2875,-0.2461158061778057,2023-03-23,27389700,204.28
2023-03-24,META,205.18,207.58,203.55,206.01,27733042,0.83,0.40452,205.58,-0.23973133557220372,2023-03-24,27733042,206.01
2023-03-27,META,204.81,205.86,201.36,202.84,18527200,-1.97,-0.96187,203.7175,-0.25143004760674614,2023-03-27,18527200,202.84
2023-03-28,META,200.15,201.03,197.9,200.68,19127300,0.53,0.2648,199.94,-0.2594014097501569,2023-03-28,19127300,200.68
2023-03-29,META,203.56,205.72,202.54,205.35,18851137,1.79,0.87935,204.2925,-0.2421670295604681,2023-03-29,18851137,205.35
2023-03-30,META,203.38,208.09,202.82,207.84,22608303,4.46,2.19,205.5325,-0.23297782042292514,2023-03-30,22608303,207.84
2023-03-31,META,207.24,212.17,206.77,211.94,25440300,4.7,2.27,209.53,-0.21784699413219188,2023-03-31,25440300,211.94
2023-04-03,META,208.84,213.49,208.2,213.07,17924613,4.23,2.03,210.9,-0.21367679078864832,2023-04-03,17924613,213.07
2023-04-04,META,213.39,216.24,212.54,214.72,21026400,1.33,0.62327,214.2225,-0.20758755581798727,2023-04-04,21026400,214.72
2023-04-05,META,214.15,215.19,209.94,211.48,19396630,-2.67,-1.25,212.69,-0.21954459903310342,2023-04-05,19396630,211.48
2023-04-06,META,209.25,216.94,208.65,216.1,26104411,6.85,3.27,212.735,-0.20249474111525267,2023-04-06,26104411,216.1
2023-04-10,META,214.71,215.66,210.66,214.75,16106100,0.04,0.01862978,213.945,-0.2074768424548844,2023-04-10,16106100,214.75
2023-04-11,META,215.48,216.02,213.41,213.85,16710101,-1.63,-0.75645,214.69,-0.21079824334797215,2023-04-11,16710101,213.85
2023-04-12,META,214.84,216.84,212.58,214.0,18972200,-0.835,-0.39099,214.565,-0.2102446765324576,2023-04-12,18972200,214.0
2023-04-13,META,215.73,221.15,215.69,220.35,23310400,4.62,2.14,218.23,-0.18681034800900476,2023-04-13,23310400,220.35
2023-04-14,META,217.88,222.11,217.55,221.49,21591207,3.61,1.66,219.7575,-0.18260324021109353,2023-04-14,21591207,221.49
2023-04-17,META,219.79,220.98,217.13,218.86,15481900,-0.93,-0.42313,219.19,-0.19230911170978338,2023-04-17,15481900,218.86
2023-04-18,META,219.91,220.44,216.21,217.89,12281000,-2.02,-0.91856,218.6125,-0.19588884378344484,2023-04-18,12281000,217.89
2023-04-19,META,213.47,217.33,212.93,215.7,15898100,2.23,1.04,214.8575,-0.20397091928995847,2023-04-19,15898100,215.7
2023-04-20,META,213.48,216.75,212.77,213.07,16475443,-0.41,-0.19206,214.0175,-0.21367679078864832,2023-04-20,16475443,213.07
2023-04-21,META,210.21,213.41,209.58,212.89,17717200,2.68,1.27,211.5225,-0.21434107096726585,2023-04-21,17717200,212.89
2023-04-24,META,213.68,213.92,210.71,212.79,15750920,-0.885,-0.41651,212.775,-0.21471011551094232,2023-04-24,15750920,212.79
2023-04-25,META,210.82,211.26,207.13,207.55,19198200,-3.26,-1.55,209.19,-0.2340480495995867,2023-04-25,19198200,207.55
2023-04-26,META,212.5,214.11,208.88,209.4,41992726,-3.1,-1.46,211.2225,-0.2272207255415729,2023-04-26,41992726,209.4
2023-04-27,META,239.89,241.69,236.77,238.56,71196531,-1.33,-0.55442,239.2275,-0.11960733660552836,2023-04-27,71196531,238.56
2023-04-28,META,239.01,240.43,235.75,240.32,39554036,1.31,0.54809,238.8775,-0.1131121526368234,2023-04-28,39554036,240.32
2023-05-01,META,238.62,244.0,236.46,243.18,29143912,4.56,1.91,240.565,-0.10255747868767762,2023-05-01,29143912,243.18
2023-05-02,META,243.18,244.92,238.99,239.24,24350149,-3.94,-1.62,241.5825,-0.11709783370852866,2023-05-02,24350149,239.24
2023-05-03,META,239.47,241.75,232.75,237.03,34463900,-2.44,-1.02,237.75,-0.1252537181237776,2023-05-03,34463900,237.03
2023-05-04,META,236.06,238.2,232.93,233.52,17889400,-2.54,-1.08,235.1775,-0.13820718160682,2023-05-04,17889400,233.52
2023-05-05,META,232.24,234.68,229.85,232.78,27000500,0.54,0.23252,232.3875,-0.14093811123002553,2023-05-05,27000500,232.78
2023-05-08,META,231.42,235.62,230.27,233.27,16400526,1.86,0.79941,232.645,-0.13912979296601102,2023-05-08,16400526,233.27
2023-05-09,META,231.46,235.88,231.08,233.37,16865600,1.91,0.8252,232.9475,-0.13876074842233466,2023-05-09,16865600,233.37
2023-05-10,META,236.17,236.75,230.72,233.08,19119007,-3.09,-1.31,234.18,-0.1398309775989962,2023-05-10,19119007,233.08
2023-05-11,META,233.05,238.21,232.3,235.79,20449000,2.74,1.18,234.8375,-0.12982987046536532,2023-05-11,20449000,235.79
2023-05-12,META,236.74,236.96,231.45,233.81,16161447,-2.93,-1.24,234.74,-0.13713695243015844,2023-05-12,16161447,233.81
2023-05-15,META,236.92,240.26,235.33,238.86,20653229,1.94,0.81884,237.8425,-0.11850020297449904,2023-05-15,20653229,238.86
2023-05-16,META,235.79,239.64,235.52,238.82,18163800,3.03,1.29,237.4425,-0.11864782079196967,2023-05-16,18163800,238.82
2023-05-17,META,238.45,243.84,238.14,242.49,21193100,4.04,1.69,240.73,-0.10510388603904497,2023-05-17,21193100,242.49
2023-05-18,META,241.3,247.09,241.19,246.85,22943300,5.55,2.3,244.1075,-0.08901354393475303,2023-05-18,22943300,246.85
2023-05-19,META,247.47,248.69,243.41,245.64,21733600,-1.83,-0.73948,246.3025,-0.09347898291323775,2023-05-19,21733600,245.64
2023-05-22,META,245.41,253.57,245.12,248.32,27738500,2.91,1.19,248.105,-0.08358858914270961,2023-05-22,27738500,248.32
2023-05-23,META,246.81,251.61,246.65,246.74,17748115,-0.07,-0.0283619,247.9525,-0.08941949293279705,2023-05-23,17748115,246.74
2023-05-24,META,245.28,249.59,244.95,249.21,17724338,3.93,1.6,247.2575,-0.08030409270398942,2023-05-24,17724338,249.21
2023-05-25,META,253.4,255.62,249.17,252.69,22371435,-0.71,-0.28019,252.72,-0.06746134258405001,2023-05-25,22371435,252.69
2023-05-26,META,252.93,262.31,252.71,262.04,25768663,9.11,3.6,257.4975,-0.0329556777503045,2023-05-26,25768663,262.04
2023-05-30,META,265.25,268.65,261.29,262.52,23816500,-2.73,-1.03,264.4275,-0.031184263940657764,2023-05-30,23816500,262.52
2023-05-31,META,260.0,265.0,258.45,264.72,25473700,4.72,1.82,262.0425,-0.023065283979776363,2023-05-31,25473700,264.72
2023-06-01,META,265.9,274.0,265.89,272.61,25609508,6.71,2.52,269.6,0.0060523305162931695,2023-06-01,25609508,272.61
2023-06-02,META,272.66,275.35,271.12,272.61,19416930,-0.05,-0.01833786,272.935,0.0060523305162931695,2023-06-02,19416930,272.61
2023-06-05,META,270.3,275.57,269.56,271.39,20742946,1.09,0.40326,271.705,0.0015499870834407847,2023-06-05,20742946,271.39
2023-06-06,META,270.14,276.57,269.69,271.12,19419010,0.98,0.36277,271.88,0.0005535668155145501,2023-06-06,19419010,271.12
2023-06-07,META,271.67,274.25,262.8,263.6,26163627,-8.07,-2.97,268.08,-0.02719858286895227,2023-06-07,26163627,263.6
2023-06-08,META,260.62,267.65,258.88,264.58,20899400,3.96,1.52,262.9325,-0.023581946340923476,2023-06-08,20899400,264.58
2023-06-09,META,262.48,267.95,261.7,264.95,16949800,2.47,0.94102,264.27,-0.022216481529320764,2023-06-09,16949800,264.95
2023-06-12,META,267.17,271.75,265.33,271.05,15471702,3.88,1.45,268.825,0.000295235634941049,2023-06-12,15471702,271.05
2023-06-13,META,274.88,275.72,269.09,271.32,16164024,-3.56,-1.3,272.7525,0.0012916559028672836,2023-06-13,16164024,271.32
2023-06-14,META,271.89,274.99,268.32,273.35,19175100,1.46,0.53698,272.1375,0.008783260139498816,2023-06-14,19175100,273.35
2023-06-15,META,272.3,283.99,271.42,281.83,25973500,9.53,3.5,277.385,0.040078237443259335,2023-06-15,25973500,281.83
2023-06-16,META,284.75,287.85,280.13,281.0,43127731,-3.75,-1.32,283.4325,0.03701516773074509,2023-06-16,43127731,281.0
2023-06-20,META,278.73,284.8,276.22,284.33,20701600,5.6,2.01,281.02,0.049304351035169836,2023-06-20,20701600,284.33
2023-06-21,META,283.53,284.0,278.36,281.64,20556200,-1.89,-0.6666,281.8825,0.03937705281027415,2023-06-21,20556200,281.64
2023-06-22,META,279.08,285.26,277.79,284.88,17563100,5.8,2.08,281.7525,0.051334096025390075,2023-06-22,17563100,284.88
2023-06-23,META,281.51,289.67,278.95,288.73,51092038,7.22,2.56,284.715,0.06554231095693241,2023-06-23,51092038,288.73
2023-06-26,META,288.7,289.79,277.6,278.47,24232700,-10.23,-3.54,283.64,0.027678340775731725,2023-06-26,24232700,278.47
2023-06-27,META,282.01,289.35,280.65,287.05,26108300,5.04,1.79,284.765,0.05934236262316861,2023-06-27,26108300,287.05
2023-06-28,META,284.82,289.55,284.06,285.29,16722117,0.47,0.16502,285.93,0.052847178654463534,2023-06-28,16722117,285.29
2023-06-29,META,284.5,286.57,280.69,281.53,15395700,-2.97,-1.04,283.3225,0.03897110381223001,2023-06-29,15395700,281.53
2023-06-30,META,284.76,289.05,284.42,286.98,19694900,2.22,0.7796,286.3025,0.05908403144259511,2023-06-30,19694900,286.98
2023-07-03,META,286.7,289.4,284.85,286.02,8629300,-0.68,-0.23718,286.7425,0.05554120382330119,2023-07-03,8629300,286.02
2023-07-05,META,287.65,298.12,286.36,294.37,33865500,6.72,2.34,291.625,0.0863564232202827,2023-07-05,33865500,294.37
2023-07-06,META,295.89,298.12,291.31,291.99,47733829,-3.89,-1.32,294.3275,0.07757316308078388,2023-07-06,47733829,291.99
2023-07-07,META,292.18,296.2,288.66,290.53,25586000,-1.65,-0.56472,291.8925,0.0721851127431079,2023-07-07,25586000,290.53
2023-07-10,META,295.55,298.13,287.05,294.1,37058306,-1.45,-0.49061,293.7075,0.08536000295235624,2023-07-10,37058306,294.1
2023-07-11,META,293.9,300.18,291.9,298.29,27585918,4.39,1.49,296.0675,0.10082296933239832,2023-07-11,27585918,298.29
2023-07-12,META,301.75,309.45,300.1,309.34,36677127,7.59,2.52,305.16,0.14160239140864284,2023-07-12,36677127,309.34
2023-07-13,META,313.62,316.24,310.29,313.41,30281000,-0.21,-0.06696002,313.39,0.15662250433627345,2023-07-13,30281000,313.41
2023-07-14,META,311.79,314.88,307.36,308.87,23054108,-2.92,-0.93653,310.725,0.13986788205336365,2023-07-14,23054108,308.87
2023-07-17,META,307.54,311.71,304.71,310.62,25323126,3.08,1.0,308.645,0.14632616156770117,2023-07-17,25323126,310.62
2023-07-18,META,310.88,314.2,307.62,312.05,20764580,1.18,0.37635,311.1875,0.15160349854227406,2023-07-18,20764580,312.05
2023-07-19,META,313.03,318.68,310.52,316.01,21763700,2.98,0.95199,314.56,0.1662176624718601,2023-07-19,21763700,316.01
2023-07-20,META,313.5,315.54,302.22,302.52,23836900,-10.98,-3.5,308.445,0.1164335535299108,2023-07-20,23836900,302.52
2023-07-21,META,304.57,305.46,291.2,294.26,42139300,-10.31,-3.39,298.8725,0.08595047422223856,2023-07-21,42139300,294.26
2023-07-24,META,295.78,297.52,288.3,291.61,24949405,-4.17,-1.41,293.3025,0.07617079381481329,2023-07-24,24949405,291.61
2023-07-25,META,295.19,298.3,291.86,294.47,19585600,-0.72,-0.24391,294.955,0.08672546776395906,2023-07-25,19585600,294.47
2023-07-26,META,301.19,301.77,291.9,298.57,47256930,-2.62,-0.86988,298.3575,0.10185629405469232,2023-07-26,47256930,298.57
2023-07-27,META,325.12,325.35,309.84,311.71,64229200,-13.41,-4.12,318.005,0.1503487470937741,2023-07-27,64229200,311.71
2023-07-28,META,316.88,326.2,314.25,325.48,39220300,8.61,2.71,320.7025,0.2011661807580174,2023-07-28,39220300,325.48
2023-07-31,META,323.69,325.66,317.59,318.6,25799603,-5.09,-1.57,321.385,0.17577591615307964,2023-07-31,25799603,318.6
2023-08-01,META,317.54,324.14,314.66,322.71,22889870,5.17,1.63,319.7625,0.19094364689818044,2023-08-01,22889870,322.71
2023-08-02,META,318.0,318.39,310.65,314.31,20461100,-3.69,-1.16,315.3375,0.15994390522936097,2023-08-02,20461100,314.31
2023-08-03,META,309.93,315.95,309.93,313.19,15215422,3.26,1.05,312.25,0.15581060634018518,2023-08-03,15215422,313.19
2023-08-04,META,314.96,318.41,310.2,310.73,17612800,-4.23,-1.34,313.575,0.1467321105657453,2023-08-04,17612800,310.73
2023-08-07,META,313.23,317.07,310.46,316.56,16236504,3.33,1.06,314.33,0.16824740746208056,2023-08-07,16236504,316.56
2023-08-08,META,314.4,317.89,310.11,312.64,15183532,-1.76,-0.5598,313.76,0.15378086134996471,2023-08-08,15183532,312.64
2023-08-09,META,312.88,313.63,302.85,305.21,19955800,-7.67,-2.45,308.6425,0.1263608517548067,2023-08-09,19955800,305.21
2023-08-10,META,307.94,312.34,303.87,305.74,14358900,-2.2,-0.71442,307.4725,0.12831678783629186,2023-08-10,14358900,305.74
2023-08-11,META,302.57,304.72,300.36,301.64,14046300,-0.93,-0.30737,302.3225,0.11318596154555838,2023-08-11,14046300,301.64
2023-08-14,META,300.98,306.21,298.25,306.19,15641921,5.21,1.73,302.9075,0.1299774882828355,2023-08-14,15641921,306.19
2023-08-15,META,306.14,307.23,300.03,301.95,11623613,-4.19,-1.37,303.8375,0.11432999963095525,2023-08-15,11623613,301.95
2023-08-16,META,300.2,301.08,294.28,294.29,18547741,-5.9,-1.97,297.4625,0.08606118758534143,2023-08-16,18547741,294.29
2023-08-17,META,293.05,296.05,284.95,285.09,23950100,-7.96,-2.72,289.785,0.05210908956711058,2023-08-17,23950100,285.09
2023-08-18,META,279.03,285.69,274.38,283.25,35347925,4.22,1.51,280.5875,0.04531866996346445,2023-08-18,35347925,283.25
2023-08-21,META,283.45,290.5,281.85,289.9,20181500,6.45,2.28,286.425,0.0698601321179464,2023-08-21,20181500,289.9
2023-08-22,META,292.55,292.9,286.75,287.6,12999913,-4.95,-1.69,289.95,0.06137210761338885,2023-08-22,12999913,287.6
2023-08-23,META,288.5,297.4,287.67,294.24,18287001,5.74,1.99,291.9525,0.08587666531350324,2023-08-23,18287001,294.24
2023-08-24,META,298.5,299.46,286.64,286.75,18360900,-11.75,-3.94,292.8375,0.05823522899213929,2023-08-24,18360900,286.75
2023-08-25,META,286.13,288.39,276.03,285.5,23701443,-0.63,-0.22018,284.0125,0.05362217219618404,2023-08-25,23701443,285.5
2023-08-28,META,288.0,291.45,285.8,290.26,14239300,2.26,0.78472,288.8775,0.07118869247518167,2023-08-28,14239300,290.26
2023-08-29,META,288.58,299.15,288.18,297.99,20844522,9.41,3.26,293.475,0.099715835701369,2023-08-29,20844522,297.99
2023-08-30,META,297.17,298.29,293.43,295.1,17717024,-2.07,-0.69657,295.9975,0.08905044838912057,2023-08-30,17717024,295.1
2023-08-31,META,295.8,301.1,295.66,295.89,17229900,0.09,0.03042596,297.1125,0.09196590028416418,2023-08-31,17229900,295.89
2023-09-01,META,299.37,301.74,294.47,296.38,12842300,-2.99,-0.99876,297.99,0.09377421854817869,2023-09-01,12842300,296.38
2023-09-05,META,297.02,301.39,295.51,300.15,14956000,3.13,1.05,298.5175,0.10768719784477976,2023-09-05,14956000,300.15
2023-09-06,META,301.71,303.3,295.66,299.17,15418100,-2.54,-0.84187,299.96,0.10407056131675096,2023-09-06,15418100,299.17
2023-09-07,META,298.0,307.05,292.22,298.67,33748737,0.67,0.22483,298.985,0.10222533859836869,2023-09-07,33748737,298.67
2023-09-08,META,299.22,305.25,296.78,297.89,17572203,-1.33,-0.44449,299.785,0.09934679115769263,2023-09-08,17572203,297.89
2023-09-11,META,301.41,309.04,301.28,307.56,19489330,6.15,2.04,304.8225,0.13503339853120266,2023-09-11,19489330,307.56
2023-09-12,META,306.33,308.66,300.23,301.66,13480400,-4.67,-1.52,304.22,0.11325977045429392,2023-09-12,13480400,301.66
2023-09-13,META,302.36,307.18,301.32,305.06,13210915,2.7,0.89298,303.98,0.12580728493929216,2023-09-13,13210915,305.06
2023-09-14,META,306.74,312.87,305.03,311.72,19343102,4.98,1.62,309.09,0.15038565154814187,2023-09-14,19343102,311.72
2023-09-15,META,311.61,312.0,298.75,300.31,28131140,-11.3,-3.63,305.6675,0.10827766911466208,2023-09-15,28131140,300.31
2023-09-18,META,298.19,303.6,297.8,302.55,14234200,4.36,1.46,300.535,0.11654426689301389,2023-09-18,14234200,302.55
2023-09-19,META,302.48,306.17,299.81,305.07,15931618,2.59,0.85625,303.3825,0.1258441893936597,2023-09-19,15931618,305.07
2023-09-20,META,305.05,308.06,299.43,299.67,19379515,-5.38,-1.76,303.0525,0.10591578403513302,2023-09-20,19379515,299.67
2023-09-21,META,295.7,300.26,293.27,295.73,21319600,0.03,0.01014542,296.24,0.09137542901428208,2023-09-21,21319600,295.73
2023-09-22,META,299.3,305.38,298.27,299.08,25369600,-0.22,-0.07350484,300.5075,0.10373842122744192,2023-09-22,25369600,299.08
2023-09-25,META,295.64,300.95,293.7,300.83,18987014,5.19,1.76,297.78,0.11019670074177945,2023-09-25,18987014,300.83
2023-09-26,META,297.66,300.3,296.01,298.96,19417200,1.3,0.43674,298.2325,0.10329556777503024,2023-09-26,19417200,298.96
2023-09-27,META,300.45,301.3,286.79,297.74,36429835,-2.71,-0.90198,296.57,0.09879322434217808,2023-09-27,36429835,297.74
2023-09-28,META,298.94,306.33,296.7,303.96,22167100,5.02,1.68,301.4825,0.12174779495885124,2023-09-28,22167100,303.96
2023-09-29,META,307.38,310.64,299.36,300.21,25373700,-7.17,-2.33,304.3975,0.10790862457098549,2023-09-29,25373700,300.21
2023-10-02,META,302.74,307.18,301.63,306.82,16265600,4.08,1.35,304.5925,0.13230246890799702,2023-10-02,16265600,306.82
2023-10-03,META,304.26,306.77,299.64,300.94,17362300,-3.32,-1.09,302.9025,0.11060264973982337,2023-10-03,17362300,300.94
2023-10-04,META,298.73,306.9,298.5,305.58,16880500,6.85,2.29,302.4275,0.12772631656640931,2023-10-04,16880500,305.58
2023-10-05,META,304.63,306.21,299.5,304.79,19130000,0.165,0.05252273,303.7825,0.1248108646713657,2023-10-05,19130000,304.79
2023-10-06,META,301.44,316.31,300.91,315.43,21803900,13.99,4.64,308.5225,0.164077204118537,2023-10-06,21803900,315.43
2023-10-09,META,312.5,320.33,311.82,318.36,22503700,5.86,1.88,315.7525,0.17489020924825627,2023-10-09,22503700,318.36
2023-10-10,META,319.12,324.66,318.16,321.84,19038000,2.72,0.85234,320.945,0.18773295936819556,2023-10-10,19038000,321.84
2023-10-11,META,323.01,328.84,322.95,327.82,22036300,4.81,1.49,325.655,0.20980182308004558,2023-10-11,22036300,327.82
2023-10-12,META,328.0,330.54,322.69,324.16,20530518,-3.84,-1.17,326.3475,0.19629479278148865,2023-10-12,20530518,324.16
2023-10-13,META,323.53,325.05,312.37,314.69,21360790,-8.84,-2.73,318.91,0.16134627449533157,2023-10-13,21360790,314.69
2023-10-16,META,318.64,321.82,315.52,321.15,16536114,2.51,0.78772,319.2825,0.18518655201682832,2023-10-16,16536114,321.15
2023-10-17,META,318.18,324.4,317.3,324.0,16387800,5.82,1.83,320.97,0.19570432151160633,2023-10-17,16387800,324.0
2023-10-18,META,321.39,325.94,315.56,316.97,16851003,-4.42,-1.38,319.965,0.16976049009115401,2023-10-18,16851003,316.97
2023-10-19,META,319.88,321.89,311.75,312.81,18709200,-7.06,-2.21,316.5825,0.1544082370742148,2023-10-19,18709200,312.81
2023-10-20,META,314.14,315.3,306.47,308.65,22312300,-5.49,-1.75,311.14,0.1390559840572756,2023-10-20,22312300,308.65
2023-10-23,META,309.5,317.36,307.26,314.01,17796800,4.51,1.46,312.0325,0.15883677159833187,2023-10-23,17796800,314.01
2023-10-24,META,316.78,318.35,310.63,312.55,19525500,-4.23,-1.34,314.5775,0.15344872126065612,2023-10-24,19525500,312.55
2023-10-25,META,310.0,310.88,298.84,299.53,42192500,-10.47,-3.38,304.8125,0.1053991216739858,2023-10-25,42192500,299.53
2023-10-26,META,295.0,295.0,279.4,288.35,66684141,-6.65,-2.25,289.4375,0.06413994169096204,2023-10-26,66684141,288.35
2023-10-27,META,294.48,299.31,292.97,296.73,29596300,2.25,0.76406,295.8725,0.0950658744510462,2023-10-27,29596300,296.73
2023-10-30,META,299.09,309.4,299.05,302.66,28435100,3.57,1.19,302.55,0.11695021589105803,2023-10-30,28435100,302.66
2023-10-31,META,303.31,303.68,296.86,301.27,19434200,-2.04,-0.67258,301.28,0.11182049673395555,2023-10-31,19434200,301.27
2023-11-01,META,301.85,312.74,301.85,311.85,20434600,10.0,3.31,307.0725,0.1508654094549211,2023-11-01,20434600,311.85
2023-11-02,META,317.3,318.82,308.33,310.87,21631820,-6.43,-2.03,313.83,0.1472487729268921,2023-11-02,21631820,310.87
2023-11-03,META,312.55,315.55,311.02,314.6,16764315,2.05,0.6559,313.43,0.16101413440602275,2023-11-03,16764315,314.6
2023-11-06,META,315.98,318.33,314.45,315.8,12887700,-0.18,-0.05696563,316.14,0.1654426689301398,2023-11-06,12887700,315.8
2023-11-07,META,317.06,321.0,315.12,318.82,14055614,1.76,0.5551,318.0,0.1765878141491677,2023-11-07,14055614,318.82
2023-11-08,META,318.14,321.33,314.88,319.78,13609704,1.64,0.5155,318.5325,0.18013064176846116,2023-11-08,13609704,319.78
2023-11-09,META,319.42,324.18,318.8,320.55,16103100,1.13,0.35377,320.7375,0.1829722847547699,2023-11-09,16103100,320.55
2023-11-10,META,319.94,329.1,319.46,328.77,19116921,8.83,2.76,324.3175,0.2133077462449715,2023-11-10,19116921,328.77
2023-11-13,META,326.2,332.33,325.7,329.19,16908948,2.99,0.91662,328.355,0.21485773332841251,2023-11-13,16908948,329.19
2023-11-14,META,334.54,338.1,333.33,336.31,17179403,1.77,0.52908,335.57,0.24113370483817387,2023-11-14,17179403,336.31
2023-11-15,META,337.93,338.4,330.02,332.71,14531200,-5.22,-1.54,334.765,0.22784810126582267,2023-11-15,14531200,332.71
2023-11-16,META,329.37,334.58,326.38,334.19,18932600,4.82,1.46,331.13,0.23330996051223374,2023-11-16,18932600,334.19
2023-11-17,META,330.26,335.5,329.35,335.04,14519213,4.78,1.45,332.5375,0.2364468391334833,2023-11-17,14519213,335.04
2023-11-20,META,334.89,341.87,334.19,339.97,16976129,5.08,1.52,337.73,0.254640735136731,2023-11-20,16976129,339.97
2023-11-21,META,338.33,339.9,335.9,336.98,12027900,-1.35,-0.39902,337.7775,0.243606303280806,2023-11-21,12027900,336.98
2023-11-22,META,339.21,342.92,338.58,341.49,10715177,2.28,0.67215,340.55,0.2602502122006125,2023-11-22,10715177,341.49
2023-11-24,META,340.13,341.86,336.77,338.23,5467500,-1.9,-0.55861,339.2475,0.24821936007676126,2023-11-24,5467500,338.23
2023-11-27,META,336.18,339.9,334.2,334.7,15684500,-1.48,-0.44024,336.245,0.23519208768498334,2023-11-27,15684500,334.7
2023-11-28,META,333.4,339.38,333.4,338.99,12637245,5.59,1.68,336.2925,0.251024098608702,2023-11-28,12637245,338.99
2023-11-29,META,339.69,339.9,330.78,332.2,16024500,-7.49,-2.2,335.6425,0.22596597409307284,2023-11-29,16024500,332.2
2023-11-30,META,331.89,333.5,322.4,327.15,23146400,-4.74,-1.43,328.735,0.20732922463741343,2023-11-30,23146400,327.15
2023-12-01,META,325.48,326.86,320.76,324.82,15276400,-0.66,-0.20278,324.48,0.19873048676975302,2023-12-01,15276400,324.82
2023-12-04,META,317.29,320.86,313.66,320.02,19037100,2.73,0.86041,317.9575,0.18101634867328475,2023-12-04,19037100,320.02
2023-12-05,META,318.98,321.88,315.39,318.29,16952128,-0.69,-0.21631,318.635,0.17463187806768277,2023-12-05,16952128,318.29
2023-12-06,META,321.93,322.25,317.04,317.45,11294337,-4.48,-1.39,319.6675,0.17153190390080075,2023-12-06,11294337,317.45
2023-12-07,META,317.77,328.24,317.77,326.59,15905100,8.82,2.78,322.5925,0.20526257519282565,2023-12-07,15905100,326.59
2023-12-08,META,323.09,333.17,323.0,332.75,14087400,9.66,2.99,328.0025,0.2279957190832933,2023-12-08,14087400,332.75
2023-12-11,META,329.4,329.89,320.0,325.28,25802500,-4.12,-1.25,326.1425,0.20042809167066444,2023-12-11,25802500,325.28
2023-12-12,META,324.6,334.47,324.56,334.22,18485500,9.62,2.96,329.4625,0.23342067387533683,2023-12-12,18485500,334.22
2023-12-13,META,333.93,338.37,332.64,334.74,16353321,0.81,0.24257,334.92,0.23533970550245398,2023-12-13,16353321,334.74
2023-12-14,META,333.85,334.7,328.64,333.17,19607335,-0.68,-0.20368,332.59,0.2295457061667343,2023-12-14,19607335,333.17
2023-12-15,META,331.99,338.66,331.22,334.92,31776900,2.93,0.88256,334.1975,0.23600398568107162,2023-12-15,31776900,334.92
2023-12-18,META,337.48,347.56,337.02,344.62,18993900,7.14,2.12,341.67,0.2718013064176845,2023-12-18,18993900,344.62
2023-12-19,META,345.58,353.6,345.12,350.36,17729400,4.78,1.38,348.665,0.29298446322471117,2023-12-19,17729400,350.36
2023-12-20,META,348.65,354.96,347.79,349.28,16369900,0.63,0.1807,350.17,0.28899878215300556,2023-12-20,16369900,349.28
2023-12-21,META,352.98,356.41,349.21,354.09,15289600,1.11,0.31447,353.1725,0.3067498247038416,2023-12-21,15289600,354.09
2023-12-22,META,355.58,357.2,351.22,353.39,11772800,-2.19,-0.6159,354.3475,0.3041665128981066,2023-12-22,11772800,353.39
2023-12-26,META,354.99,356.98,353.45,354.83,9898614,-0.16,-0.04507169,355.0625,0.309480754327047,2023-12-26,9898614,354.83
2023-12-27,META,356.07,359.0,355.31,357.83,13207928,1.76,0.49428,357.0525,0.3205520906373398,2023-12-27,13207928,357.83
2023-12-28,META,359.7,361.9,357.81,358.32,11798807,-1.38,-0.38365,359.4325,0.3223604089013543,2023-12-28,11798807,358.32
2023-12-29,META,358.99,360.0,351.82,353.96,14987100,-5.03,-1.4,356.1925,0.30627006679706215,2023-12-29,14987100,353.96
2024-01-02,META,351.32,353.16,340.01,346.29,19042200,-5.03,-1.43,347.695,0.2779643502970808,2024-01-02,19042200,346.29
2024-01-03,META,344.98,347.95,343.18,344.47,15451133,-0.51,-0.14783,345.145,0.27124773960216997,2024-01-03,15451133,344.47
2024-01-04,META,344.5,348.15,343.4,347.12,12099900,2.62,0.76052,345.7925,0.281027420009595,2024-01-04,12099900,347.12
2024-01-05,META,346.99,353.5,346.26,351.95,13920700,4.96,1.43,349.675,0.29885227146916615,2024-01-05,13920700,351.95
2024-01-08,META,354.7,358.98,352.05,358.66,13890222,3.96,1.12,356.0975,0.32361516034985427,2024-01-08,13890222,358.66
2024-01-09,META,356.4,360.64,355.36,357.43,13463900,1.03,0.289,357.4575,0.3190759124626341,2024-01-09,13463900,357.43
2024-01-10,META,360.17,372.94,359.08,370.47,22117206,10.3,2.86,365.665,0.36719932095803953,2024-01-10,22117206,370.47
2024-01-11,META,372.13,372.78,362.93,369.67,17205400,-2.46,-0.66106,369.3775,0.36424696460862815,2024-01-11,17205400,369.67
2024-01-12,META,370.16,377.06,369.54,374.49,19310046,4.34,1.17,372.8125,0.38203491161383174,2024-01-12,19310046,374.49
2024-01-16,META,373.65,375.61,367.23,367.46,15306900,-6.19,-1.66,370.9875,0.3560910801933792,2024-01-16,15306900,367.46
2024-01-17,META,366.3,368.54,358.61,368.37,12724800,2.07,0.56511,365.455,0.3594493855408347,2024-01-17,12724800,368.37
2024-01-18,META,371.49,376.85,370.95,376.13,16354332,4.64,1.25,373.855,0.3880872421301249,2024-01-18,16354332,376.13
2024-01-19,META,379.0,384.36,377.97,383.45,21670806,4.45,1.17,381.195,0.415101302727239,2024-01-19,21670806,383.45
2024-01-22,META,387.95,390.35,381.16,381.78,17680500,-6.17,-1.59,385.31,0.40893825884784274,2024-01-22,17680500,381.78
2024-01-23,META,384.62,388.38,382.08,385.2,15506100,0.585,0.1508,385.07,0.4215595822415763,2024-01-23,15506100,385.2
2024-01-24,META,390.0,396.15,387.81,390.7,15698500,0.7,0.17949,391.165,0.4418570321437796,2024-01-24,15698500,390.7
2024-01-25,META,390.17,395.49,385.66,393.18,15091100,3.01,0.77146,391.125,0.451009336826955,2024-01-25,15091100,393.18
2024-01-26,META,394.35,396.79,391.59,394.14,13163700,-0.21,-0.05325219,394.2175,0.45455216444624846,2024-01-26,13163700,394.14
2024-01-29,META,394.99,402.93,393.1,401.02,18742433,6.03,1.53,398.01,0.4799424290511862,2024-01-29,18742433,401.02
2024-01-30,META,403.59,406.36,399.57,400.06,18614727,-3.53,-0.87465,402.395,0.47639960143189275,2024-01-30,18614727,400.06
2024-01-31,META,389.0,398.0,387.1,390.14,20180817,1.14,0.29306,391.06,0.4397903826991916,2024-01-31,20180817,390.14
2024-02-01,META,393.94,400.5,393.05,394.78,29727100,0.84,0.21323,395.5675,0.4569140495257775,2024-02-01,29727100,394.78
2024-02-02,META,459.6,485.96,453.01,474.99,84707646,15.39,3.35,468.39,0.7529246780086356,2024-02-02,84707646,474.99
2024-02-05,META,469.88,471.9,459.22,459.41,40832400,-10.47,-2.23,465.1025,0.695427538103849,2024-02-05,40832400,459.41
2024-02-06,META,464.0,467.12,453.0,454.72,21655214,-9.28,-2.0,459.71,0.6781193490054249,2024-02-06,21655214,454.72
2024-02-07,META,458.0,471.52,456.18,469.59,23066000,11.59,2.53,463.8225,0.7329962726501087,2024-02-07,23066000,469.59
2024-02-08,META,468.32,470.59,465.03,470.0,18815100,1.68,0.35873,468.485,0.7345093552791819,2024-02-08,18815100,470.0
2024-02-09,META,472.95,473.59,467.47,468.11,18413137,-4.84,-1.02,470.53,0.7275344134036976,2024-02-09,18413137,468.11
2024-02-12,META,468.19,479.15,466.58,468.9,19382000,0.71,0.15165,470.705,0.7304498652987412,2024-02-12,19382000,468.9
2024-02-13,META,456.87,467.89,455.09,460.12,20916602,3.25,0.71136,459.9925,0.6980477543639516,2024-02-13,20916602,460.12
2024-02-14,META,467.93,474.11,466.09,473.28,16858401,5.35,1.14,470.3525,0.7466140163117685,2024-02-14,16858401,473.28
2024-02-15,META,475.28,488.62,472.22,484.03,24212326,8.75,1.84,480.0375,0.7862863047569839,2024-02-15,24212326,484.03
2024-02-16,META,478.11,478.96,469.21,473.32,23324620,-4.79,-1.0,474.9,0.7467616341292391,2024-02-16,23324620,473.32
2024-02-20,META,469.72,476.18,466.56,471.75,18015523,2.04,0.43217,471.0525,0.7409676347935195,2024-02-20,18015523,471.75
2024-02-21,META,466.5,469.0,461.79,468.03,12977050,1.53,0.32797,466.33,0.7272391777687564,2024-02-21,12977050,468.03
2024-02-22,META,480.24,489.99,476.06,486.13,21625805,5.89,1.23,483.105,0.7940362401741887,2024-02-22,21625805,486.13
2024-02-23,META,488.05,494.36,482.35,484.03,18374300,-4.02,-0.82369,487.1975,0.7862863047569839,2024-02-23,18374300,484.03
2024-02-26,META,483.47,486.14,480.6,481.74,12101415,-1.73,-0.35783,482.9875,0.7778351847067939,2024-02-26,12101415,481.74
2024-02-27,META,479.98,487.27,479.92,487.05,10809600,7.07,1.47,483.555,0.797431449976012,2024-02-27,10809600,487.05
2024-02-28,META,485.0,491.05,482.75,484.02,12715500,-0.98,-0.20206,485.705,0.7862494003026164,2024-02-28,12715500,484.02
2024-02-29,META,488.44,491.7,482.61,490.13,17732045,1.69,0.346,488.22,0.8087980219212456,2024-02-29,17732045,490.13
2024-03-01,META,492.11,504.25,491.85,502.3,16273600,10.19,2.07,497.6275,0.8537107428866664,2024-03-01,16273600,502.3
2024-03-04,META,503.0,504.42,496.42,498.19,12324141,-4.81,-0.95626,500.5075,0.8385430121415653,2024-03-04,12324141,498.19
2024-03-05,META,495.0,495.58,487.89,490.22,15325300,-4.78,-0.96566,492.1725,0.8091301620105547,2024-03-05,15325300,490.22
2024-03-06,META,497.63,502.97,494.29,496.09,11757925,-1.54,-0.30947,497.745,0.8307930767243603,2024-03-06,11757925,496.09
2024-03-07,META,503.28,519.85,501.38,512.19,18586437,8.91,1.77,509.175,0.8902092482562645,2024-03-07,18586437,512.19
2024-03-08,META,514.19,523.57,499.35,505.95,18597100,-8.24,-1.6,510.765,0.8671808687308555,2024-03-08,18597100,505.95
2024-03-11,META,497.01,497.32,476.0,483.59,20428300,-13.42,-2.7,488.48,0.7846625087648076,2024-03-11,20428300,483.59
2024-03-12,META,493.26,502.31,484.73,499.75,15448232,6.49,1.32,495.0125,0.8443001070229175,2024-03-12,15448232,499.75
2024-03-13,META,495.39,500.98,491.03,495.57,12090700,0.18,0.03633501,495.7425,0.8288740450972429,2024-03-13,12090700,495.57
2024-03-14,META,500.26,501.35,488.16,491.83,12620014,-8.43,-1.69,495.4,0.8150717791637447,2024-03-14,12620014,491.83
2024-03-15,META,489.01,491.83,481.3,484.1,29153600,-4.91,-1.0,486.56,0.7865446359375576,2024-03-15,29153600,484.1
2024-03-18,META,491.91,497.42,486.81,496.98,11755300,5.07,1.03,493.28,0.8340775731630807,2024-03-18,11755300,496.98
2024-03-19,META,488.17,496.63,481.28,496.24,10903100,8.07,1.65,490.58,0.8313466435398751,2024-03-19,10903100,496.24
2024-03-20,META,499.5,508.2,495.17,505.52,11711100,6.02,1.21,502.0975,0.865593977193047,2024-03-20,11711100,505.52
2024-03-21,META,514.71,515.04,506.01,507.76,9712549,-6.95,-1.35,510.88,0.8738605749713988,2024-03-21,9712549,507.76
2024-03-22,META,507.0,509.97,504.34,509.58,8120600,2.58,0.50888,507.7225,0.8805771856663096,2024-03-22,8120600,509.58
2024-03-25,META,505.79,507.22,500.24,503.02,8380617,-2.77,-0.54766,504.0675,0.8563678636011365,2024-03-25,8380617,503.02
2024-03-26,META,505.13,510.0,495.21,495.89,11205400,-9.24,-1.83,501.5575,0.8300549876370076,2024-03-26,11205400,495.89
2024-03-27,META,499.3,499.89,488.07,493.86,9989700,-5.44,-1.09,495.28,0.8225633834003763,2024-03-27,9989700,493.86
2024-03-28,META,492.84,492.89,485.15,485.58,15212800,-7.26,-1.47,489.115,0.7920064951839685,2024-03-28,15212800,485.58
2024-04-01,META,487.2,497.43,481.78,491.35,9247007,4.15,0.85181,489.44,0.8133003653540982,2024-04-01,9247007,491.35
2024-04-02,META,485.1,497.53,484.65,497.37,11081026,12.27,2.53,491.1625,0.8355168468834187,2024-04-02,11081026,497.37
2024-04-03,META,498.93,507.24,498.75,506.74,12099200,7.81,1.57,502.915,0.8700963206258994,2024-04-03,12099200,506.74
2024-04-04,META,516.42,530.0,510.58,510.92,26476300,-5.5,-1.07,516.98,0.8855223825515739,2024-04-04,26476300,510.92
2024-04-05,META,516.86,530.7,514.41,527.34,19263300,10.49,2.03,522.3275,0.9461194966232422,2024-04-05,19263300,527.34
2024-04-08,META,529.28,531.49,518.89,519.25,13260600,-10.03,-1.9,524.7275,0.9162637930398196,2024-04-08,13260600,519.25
2024-04-09,META,522.23,525.87,506.74,516.9,10881445,-5.33,-1.02,517.935,0.9075912462634237,2024-04-09,10881445,516.9
2024-04-10,META,509.29,522.56,505.8,519.83,11418500,10.54,2.07,514.37,0.9184042513931432,2024-04-10,11418500,519.83
2024-04-11,META,521.11,523.86,517.29,523.16,10369500,2.05,0.39339,521.355,0.9306934346975677,2024-04-11,10369500,523.16
2024-04-12,META,517.75,520.19,509.33,511.9,11984535,-5.85,-1.13,514.7925,0.8891390190796027,2024-04-12,11984535,511.9
2024-04-15,META,516.72,518.53,497.28,500.23,13512900,-16.49,-3.19,508.19,0.8460715208325644,2024-04-15,13512900,500.23
2024-04-16,META,498.11,504.77,497.11,499.76,9847925,1.65,0.33125,499.9375,0.844337011477285,2024-04-16,9847925,499.76
2024-04-17,META,503.1,503.16,487.14,494.17,12193743,-8.93,-1.77,496.8925,0.8237074214857731,2024-04-17,12193743,494.17
2024-04-18,META,499.82,512.21,499.04,501.8,14808700,1.98,0.39614,503.2175,0.8518655201682841,2024-04-18,14808700,501.8
2024-04-19,META,502.8,502.8,475.73,481.07,25215400,-21.73,-4.32,490.6,0.775362586264162,2024-04-19,25215400,481.07
2024-04-22,META,489.72,492.01,473.4,481.73,17271125,-7.98,-1.63,484.215,0.7777982802524264,2024-04-22,17271125,481.73
2024-04-23,META,491.25,498.76,488.97,496.1,15079200,4.85,0.98728,493.77,0.8308299811787281,2024-04-23,15079200,496.1
2024-04-24,META,508.06,510.0,484.58,493.5,37772700,-14.56,-2.87,499.035,0.8212348230431412,2024-04-24,37772700,493.5
2024-04-25,META,421.4,445.77,414.5,441.38,82890741,19.98,4.74,430.7625,0.6288888068789902,2024-04-25,82890741,441.38
2024-04-26,META,441.46,446.44,431.96,443.29,32691443,1.83,0.41453,440.7875,0.6359375576632098,2024-04-26,32691443,443.29
2024-04-29,META,439.56,439.76,428.56,432.62,21502646,-6.94,-1.58,435.125,0.5965605048529357,2024-04-29,21502646,432.62
2024-04-30,META,431.05,439.62,429.72,430.17,18429500,-0.88,-0.20415,432.64,0.5875189135328633,2024-04-30,18429500,430.17
2024-05-01,META,428.6,449.96,427.11,439.19,20344947,10.59,2.47,436.215,0.6208067313724766,2024-05-01,20344947,439.19
2024-05-02,META,438.84,443.96,432.28,441.68,15221322,2.84,0.64716,439.19,0.6299959405100195,2024-05-02,15221322,441.68
2024-05-03,META,445.93,454.17,443.85,451.96,16489100,6.03,1.35,448.9775,0.6679337195999555,2024-05-03,16489100,451.96
2024-05-06,META,455.58,466.16,453.34,465.68,15094627,10.1,2.22,460.19,0.7185666309923606,2024-05-06,15094627,465.68
2024-05-07,META,466.29,471.53,461.31,468.24,13406816,1.95,0.41819,466.8425,0.7280141713104771,2024-05-07,13406816,468.24
2024-05-08,META,463.5,475.58,463.0,472.6,11683929,9.1,1.96,468.67,0.744104513414769,2024-05-08,11683929,472.6
2024-05-09,META,470.0,476.08,467.63,475.42,9437700,5.42,1.15,472.2825,0.7545115695464442,2024-05-09,9437700,475.42
2024-05-10,META,477.09,477.5,469.6,476.2,10750000,-0.89,-0.18655,475.0975,0.7573901169871202,2024-05-10,10750000,476.2
2024-05-13,META,472.75,473.35,462.85,468.01,14668800,-4.74,-1.0,469.24,0.7271653688600213,2024-05-13,14668800,468.01
2024-05-14,META,463.37,472.54,460.08,471.85,10478600,8.48,1.83,466.96,0.7413366793371958,2024-05-14,10478600,471.85
2024-05-15,META,474.98,482.5,471.2,481.54,13100500,6.56,1.38,477.555,0.7770970956194412,2024-05-15,13100500,481.54
2024-05-16,META,475.0,477.69,472.75,473.23,16608200,-1.77,-0.37263,474.6675,0.7464294940399305,2024-05-16,16608200,473.23
2024-05-17,META,470.83,472.8,468.42,471.91,10807300,1.08,0.22938,470.99,0.7415581060634018,2024-05-17,10807300,471.91
2024-05-20,META,469.95,473.2,467.04,468.84,11745100,-1.11,-0.2362,469.7575,0.7302284385725355,2024-05-20,11745100,468.84
2024-05-21,META,467.12,470.7,462.27,464.63,11742200,-2.49,-0.53305,466.18,0.7146916632837581,2024-05-21,11742200,464.63
2024-05-22,META,467.87,473.72,465.65,467.78,10078611,-0.09,-0.01923611,468.755,0.7263165664095654,2024-05-22,10078611,467.78
2024-05-23,META,472.88,474.36,461.54,465.78,11747913,-7.1,-1.5,468.64,0.718935675536037,2024-05-23,11747913,465.78
2024-05-24,META,467.62,479.85,466.3,478.22,12024300,10.6,2.27,472.9975,0.764844816769384,2024-05-24,12024300,478.22
2024-05-28,META,476.58,480.86,474.84,479.92,10175800,3.35,0.70083,478.05,0.7711185740118831,2024-05-28,10175800,479.92
2024-05-29,META,474.66,479.85,473.7,474.36,9226218,-0.3,-0.06320313,475.6425,0.7505996973834741,2024-05-29,9226218,474.36
2024-05-30,META,471.67,471.73,464.71,467.05,10735226,-4.62,-0.9795,468.79,0.7236225412407276,2024-05-30,10735226,467.05
2024-05-31,META,465.8,469.12,454.46,466.83,16919805,1.03,0.22112,464.0525,0.7228106432446395,2024-05-31,16919805,466.83
2024-06-03,META,470.86,479.6,468.24,477.49,11279400,6.63,1.41,474.0475,0.7621507916005461,2024-06-03,11279400,477.49
2024-06-04,META,477.0,478.89,473.23,476.99,7088718,-0.01,-0.00209644,476.5275,0.7603055688821638,2024-06-04,7088718,476.99
2024-06-05,META,484.45,496.65,483.91,495.06,15690500,10.61,2.19,490.0175,0.8269919179244933,2024-06-05,15690500,495.06
2024-06-06,META,492.98,502.82,490.89,493.76,10667339,0.78,0.15822,495.1125,0.8221943388566997,2024-06-06,10667339,493.76
2024-06-07,META,495.91,498.91,490.17,492.96,9380745,-2.95,-0.59487,494.4875,0.8192419825072883,2024-06-07,9380745,492.96
2024-06-10,META,493.86,502.66,493.41,502.6,11236919,8.74,1.77,498.1325,0.8548178765176955,2024-06-10,11236919,502.6
2024-06-11,META,500.16,507.6,498.27,507.47,9673715,7.31,1.46,503.375,0.8727903457947372,2024-06-11,9673715,507.47
2024-06-12,META,513.99,514.01,504.47,508.84,11983227,-5.15,-1.0,510.3275,0.8778462560431042,2024-06-12,11983227,508.84
2024-06-13,META,505.71,509.36,501.36,504.1,9954621,-1.61,-0.31836,505.1325,0.8603535446728419,2024-06-13,9954621,504.1
2024-06-14,META,502.65,507.15,500.75,504.16,10243347,1.51,0.30041,503.6775,0.8605749713990478,2024-06-14,10243347,504.16
2024-06-17,META,501.67,510.75,496.01,506.63,11266601,4.96,0.9887,503.765,0.8696903716278552,2024-06-17,11266601,506.63
2024-06-18,META,504.56,506.0,495.02,499.49,13060425,-5.07,-1.0,501.2675,0.8433405912093588,2024-06-18,13060425,499.49
2024-06-20,META,502.0,503.67,496.77,501.7,11801200,-0.3,-0.05976096,501.035,0.8514964756246077,2024-06-20,11801200,501.7
2024-06-21,META,503.45,503.45,492.39,494.78,23130732,-8.67,-1.72,498.5175,0.8259585932021993,2024-06-21,23130732,494.78
2024-06-24,META,499.2,507.8,494.29,498.91,13525300,-0.29,-0.05809295,500.05,0.8412001328560357,2024-06-24,13525300,498.91
2024-06-25,META,497.05,510.71,495.5,510.6,12109769,13.55,2.73,503.465,0.8843414400118093,2024-06-25,12109769,510.6
2024-06-26,META,506.65,513.81,504.68,513.12,8882337,6.48,1.28,509.565,0.8936413625124551,2024-06-26,8882337,513.12
2024-06-27,META,514.25,522.88,513.9,519.56,10121200,5.31,1.03,517.6475,0.9174078311252165,2024-06-27,10121200,519.56
2024-06-28,META,517.15,521.88,503.84,504.22,15855137,-12.93,-2.5,511.7725,0.8607963981252535,2024-06-28,15855137,504.22
2024-07-01,META,504.95,506.58,493.17,504.68,10328200,-0.27,-0.05347064,502.345,0.8624940030261652,2024-07-01,10328200,504.68
2024-07-02,META,500.76,510.5,499.45,509.5,7739500,8.74,1.75,505.0525,0.8802819500313686,2024-07-02,7739500,509.5
2024-07-03,META,506.37,511.28,506.02,509.96,6005615,3.59,0.70897,508.4075,0.88197955493228,2024-07-03,6005615,509.96
2024-07-05,META,511.6,540.87,511.6,539.91,21354100,28.31,5.53,525.995,0.9925083957633682,2024-07-05,21354100,539.91
2024-07-08,META,542.35,542.81,526.65,529.32,14917500,-13.03,-2.4,535.2825,0.9534265785880356,2024-07-08,14917500,529.32
2024-07-09,META,533.75,537.48,528.19,530.0,8769088,-3.75,-0.70258,532.355,0.9559360814850351,2024-07-09,8769088,530.0
2024-07-10,META,530.79,538.88,528.36,534.69,10983300,3.9,0.73475,533.18,0.9732442705834594,2024-07-10,10983300,534.69
2024-07-11,META,530.89,535.46,508.37,512.7,16458300,-18.19,-3.43,521.855,0.8920913754290143,2024-07-11,16458300,512.7
2024-07-12,META,497.76,508.09,494.23,498.87,19750544,1.12,0.223,499.7375,0.841052515038565,2024-07-12,19750544,498.87
2024-07-15,META,498.63,506.68,493.37,496.16,12539200,-2.47,-0.49536,498.71,0.831051407904934,2024-07-15,12539200,496.16
2024-07-16,META,501.5,503.95,485.79,489.79,14075833,-11.71,-2.33,495.2575,0.8075432704727459,2024-07-16,14075833,489.79
2024-07-17,META,479.17,479.17,459.12,461.99,28076600,-17.18,-3.59,469.8625,0.7049488873307006,2024-07-17,28076600,461.99
2024-07-18,META,475.0,479.24,464.54,475.85,19267200,0.85,0.17895,473.6575,0.7560984610842527,2024-07-18,19267200,475.85
2024-07-19,META,476.06,486.71,475.71,476.79,15149416,0.73,0.15334,478.8175,0.7595674797948111,2024-07-19,15149416,476.79
2024-07-22,META,486.58,492.06,483.9,487.4,12023100,0.825,0.16852,487.485,0.7987231058788793,2024-07-22,12023100,487.4
2024-07-23,META,489.84,495.22,487.72,488.69,9455527,-1.15,-0.23477,490.3675,0.8034837804923052,2024-07-23,9455527,488.69
2024-07-24,META,472.31,476.3,460.58,461.27,17649738,-11.04,-2.34,467.615,0.7022917666162303,2024-07-24,17649738,461.27
2024-07-25,META,463.26,463.55,442.65,453.41,18240500,-9.85,-2.13,455.7175,0.6732848654832637,2024-07-25,18240500,453.41
2024-07-26,META,464.2,469.77,459.42,465.7,14222400,1.5,0.32314,464.7725,0.7186404399010959,2024-07-26,14222400,465.7
2024-07-29,META,469.88,473.96,465.02,465.71,11339630,-4.17,-0.88746,468.6425,0.7186773443554635,2024-07-29,11339630,465.71
2024-07-30,META,467.0,472.73,456.7,463.19,11390439,-3.81,-0.81585,464.905,0.7093774218548177,2024-07-30,11390439,463.19
2024-07-31,META,471.02,476.5,466.75,474.83,24285800,3.81,0.80888,472.275,0.7523342067387531,2024-07-31,24285800,474.83
2024-08-01,META,521.0,527.17,492.1,497.74,43083100,-23.26,-4.46,509.5025,0.8368823116950215,2024-08-01,43083100,497.74
2024-08-02,META,489.0,501.15,476.15,488.14,24044700,-0.86,-0.17587,488.61,0.8014540355020849,2024-08-02,24044700,488.14
2024-08-05,META,451.35,483.48,450.8,475.73,21396200,24.38,5.4,465.34,0.755655607631841,2024-08-05,21396200,475.73
2024-08-06,META,479.0,502.56,478.65,494.09,20955000,15.09,3.15,488.575,0.8234121858508319,2024-08-06,20955000,494.09
2024-08-07,META,503.13,510.15,486.86,488.92,20105307,-14.21,-2.82,497.265,0.804332582942761,2024-08-07,20105307,488.92
2024-08-08,META,497.5,509.96,494.72,509.63,16156843,12.13,2.44,502.9525,0.880761707938148,2024-08-08,16156843,509.63
2024-08-09,META,507.71,518.34,505.7,517.77,13696640,10.06,1.98,512.38,0.9108019337934086,2024-08-09,13696640,517.77
2024-08-12,META,516.86,518.02,509.1,515.95,9767422,-0.91,-0.17606,514.9825,0.904085323098498,2024-08-12,9767422,515.95
2024-08-13,META,520.01,531.5,518.15,528.54,13743839,8.53,1.64,524.55,0.9505480311473591,2024-08-13,13743839,528.54
2024-08-14,META,528.06,534.0,523.13,526.76,11444200,-1.3,-0.24618,527.9875,0.9439790382699189,2024-08-14,11444200,526.76
2024-08-15,META,531.79,539.77,526.7,537.33,13482141,5.54,1.04,533.8975,0.9829870465365169,2024-08-15,13482141,537.33
2024-08-16,META,531.9,533.66,524.66,527.42,14776700,-4.48,-0.84226,529.41,0.9464147322581833,2024-08-16,14776700,527.42
2024-08-19,META,526.87,531.66,522.76,529.28,9879713,2.41,0.45742,527.6425,0.9532789607705647,2024-08-19,9879713,529.28
2024-08-20,META,528.35,531.09,525.88,526.73,7944400,-1.62,-0.30661,528.0125,0.943868324906816,2024-08-20,7944400,526.73
2024-08-21,META,527.15,539.4,526.93,535.16,13423300,8.01,1.52,532.16,0.9749787799387384,2024-08-21,13423300,535.16
2024-08-22,META,537.0,544.23,528.59,531.93,15708300,-5.07,-0.94413,535.4375,0.9630586411779898,2024-08-22,15708300,531.93
2024-08-23,META,536.92,539.87,525.06,528.0,11323936,-8.92,-1.66,532.4625,0.9485551906115066,2024-08-23,11323936,528.0
2024-08-26,META,527.6,528.0,514.95,521.12,9584002,-6.48,-1.23,522.9175,0.9231649260065689,2024-08-26,9584002,521.12
2024-08-27,META,518.98,524.01,515.31,519.1,6282720,0.12,0.02312228,519.35,0.9157102262243051,2024-08-27,6282720,519.1
2024-08-28,META,517.67,521.09,512.45,516.78,9106100,-0.895,-0.17192,516.9975,0.907148392811012,2024-08-28,9106100,516.78
2024-08-29,META,519.05,527.2,515.68,518.22,8317424,-0.83,-0.15991,520.0375,0.9124626342399527,2024-08-29,8317424,518.22
2024-08-30,META,521.35,523.54,515.2,521.31,9157541,-0.04,-0.00767239,520.35,0.9238661106395538,2024-08-30,9157541,521.31
2024-09-03,META,519.64,525.49,508.62,511.76,12459113,-7.88,-1.52,516.3775,0.8886223567184557,2024-09-03,12459113,511.76
2024-09-04,META,506.07,516.59,504.07,512.74,8335207,6.67,1.32,509.8675,0.8922389932464847,2024-09-04,8335207,512.74
2024-09-05,META,511.72,521.63,511.15,516.86,8640900,5.14,1.0,515.34,0.9074436284459533,2024-09-05,8640900,516.86
2024-09-06,META,521.88,524.58,498.25,500.27,14744521,-21.61,-4.14,511.245,0.8462191386500348,2024-09-06,14744521,500.27
2024-09-09,META,506.16,511.33,502.08,504.79,11047828,-1.37,-0.27067,506.09,0.8628999520242091,2024-09-09,11047828,504.79
2024-09-10,META,508.16,514.18,500.03,504.79,9899022,-3.37,-0.66318,506.79,0.8628999520242091,2024-09-10,9899022,504.79
2024-09-11,META,507.01,513.12,495.6,511.83,10782532,4.82,0.95067,506.89,0.8888806878990292,2024-09-11,10782532,511.83
2024-09-12,META,517.05,526.71,515.22,525.6,11993342,8.55,1.65,521.145,0.9396981215632725,2024-09-12,11993342,525.6
2024-09-13,META,520.34,527.58,517.11,524.62,10321422,4.28,0.82254,522.4125,0.9360814850352435,2024-09-13,10321422,524.62
2024-09-16,META,524.54,534.1,517.4,533.28,9527646,8.74,1.67,527.33,0.9680407425176216,2024-09-16,9527646,533.28
2024-09-17,META,537.6,542.1,530.57,536.32,11690800,-1.28,-0.2381,536.6475,0.979259696645385,2024-09-17,11690800,536.32
2024-09-18,META,537.07,544.2,533.9,537.95,10323537,0.885,0.16385,538.28,0.9852751227073107,2024-09-18,10323537,537.95
2024-09-19,META,550.0,562.07,546.52,559.1,15647000,9.1,1.65,554.4225,1.0633280436948738,2024-09-19,15647000,559.1
2024-09-20,META,560.0,564.5,556.3,561.35,22066817,1.35,0.24107,560.5375,1.0716315459275934,2024-09-20,22066817,561.35
2024-09-23,META,569.5,573.98,562.41,564.41,12830700,-5.09,-0.89377,567.575,1.0829243089640914,2024-09-23,12830700,564.41
2024-09-24,META,566.68,567.75,554.19,563.33,12993000,-3.35,-0.59116,562.9875,1.0789386278923865,2024-09-24,12993000,563.33
2024-09-25,META,564.05,576.88,563.72,568.31,16543400,4.26,0.75525,568.24,1.097317046167472,2024-09-25,16543400,568.31
2024-09-26,META,575.73,577.4,562.35,567.84,14400800,-7.89,-1.37,570.83,1.0955825368121932,2024-09-26,14400800,567.84
2024-09-27,META,570.1,570.84,564.51,567.36,9398400,-2.74,-0.48062,568.2025,1.0938111230025465,2024-09-27,9398400,567.36
2024-09-30,META,567.7,574.68,564.8,572.44,12807206,4.74,0.83495,569.905,1.1125585858213087,2024-09-30,12807206,572.44
2024-10-01,META,577.98,583.04,570.1,576.47,15259300,-1.51,-0.26125,576.8975,1.1274310809314683,2024-10-01,15259300,576.47
2024-10-02,META,574.86,576.0,569.34,572.81,6524700,-2.05,-0.35661,573.2525,1.1139240506329111,2024-10-02,6524700,572.81
2024-10-03,META,570.15,583.36,568.73,582.77,11581000,12.62,2.21,576.2525,1.150680887183083,2024-10-03,11581000,582.77
2024-10-04,META,583.73,596.85,581.43,595.94,14199788,12.21,2.09,589.4875,1.1992840535852678,2024-10-04,14199788,595.94
2024-10-07,META,598.22,602.95,584.04,584.78,12014200,-13.44,-2.25,592.4975,1.1580986825109787,2024-10-07,12014200,584.78
2024-10-08,META,589.69,593.56,585.97,592.89,7857400,3.2,0.54266,590.5275,1.1880281950031364,2024-10-08,7857400,592.89
2024-10-09,META,593.99,594.39,581.61,590.51,9529707,-3.48,-0.58587,590.125,1.1792449348636378,2024-10-09,9529707,590.51
2024-10-10,META,587.57,590.23,582.52,583.83,7740449,-3.74,-0.63652,586.0375,1.1545927593460532,2024-10-10,7740449,583.83
2024-10-11,META,584.83,591.21,582.71,589.95,8587100,5.12,0.87547,587.175,1.1771782854190502,2024-10-11,8587100,589.95
2024-10-14,META,594.22,600.1,589.96,590.42,8252000,-3.8,-0.63949,593.675,1.178912794774329,2024-10-14,8252000,590.42
2024-10-15,META,590.16,590.61,580.14,586.27,9564236,-3.89,-0.65914,586.795,1.1635974462117575,2024-10-15,9564236,586.27
2024-10-16,META,581.4,582.08,574.03,576.79,11268400,-4.61,-0.79291,578.575,1.1286120234712325,2024-10-16,11268400,576.79
2024-10-17,META,583.33,584.97,575.2,576.93,8701200,-6.4,-1.1,580.1075,1.1291286858323795,2024-10-17,8701200,576.93
2024-10-18,META,581.1,583.97,575.25,576.47,7694300,-4.63,-0.79676,579.1975,1.1274310809314683,2024-10-18,7694300,576.47
2024-10-21,META,576.03,577.24,569.11,575.16,8171900,-0.87,-0.15103,574.385,1.122596597409307,2024-10-21,8171900,575.16
2024-10-22,META,574.29,583.53,572.12,582.01,8544500,7.72,1.34,577.9875,1.1478761486511417,2024-10-22,8544500,582.01
2024-10-23,META,579.97,585.0,562.5,563.69,14248419,-16.28,-2.81,572.79,1.0802671882496218,2024-10-23,14248419,563.69
2024-10-24,META,567.13,568.88,561.52,567.78,7184700,0.655,0.11461,566.3275,1.095361110085987,2024-10-24,7184700,567.78
2024-10-25,META,573.93,581.29,571.72,573.25,11337900,-0.685,-0.11848,575.0475,1.1155478466250872,2024-10-25,11337900,573.25
2024-10-28,META,582.0,583.75,574.12,578.16,10925131,-3.84,-0.65979,579.5075,1.1336679337195998,2024-10-28,10925131,578.16
2024-10-29,META,580.15,593.67,575.4,593.28,13019100,13.13,2.26,585.625,1.1894674687234748,2024-10-29,13019100,593.28
2024-10-30,META,600.98,601.2,589.38,591.8,26864925,-9.18,-1.53,595.84,1.1840056094770635,2024-10-30,26864925,591.8
2024-10-31,META,585.0,589.9,563.01,567.58,26838400,-17.42,-2.98,576.3725,1.0946230209986343,2024-10-31,26838400,567.58
2024-11-01,META,567.61,573.67,562.56,567.16,15303235,-0.445,-0.07927979,567.75,1.0930730339151933,2024-11-01,15303235,567.16
2024-11-04,META,564.1,568.69,557.89,560.68,12064601,-3.42,-0.60628,562.84,1.069158947484961,2024-11-04,12064601,560.68
2024-11-05,META,567.3,573.48,566.67,572.43,9775400,5.13,0.90428,569.97,1.1125216813669407,2024-11-05,9775400,572.43
2024-11-06,META,562.75,573.0,555.17,572.05,18305429,9.3,1.65,565.7425,1.1111193121009704,2024-11-06,18305429,572.05
2024-11-07,META,576.89,594.8,575.21,591.7,14653708,14.81,2.57,584.65,1.1836365649333875,2024-11-07,14653708,591.7
2024-11-08,META,591.54,593.1,584.52,589.34,9415700,-2.2,-0.37191,589.625,1.1749271137026236,2024-11-08,9415700,589.34
2024-11-11,META,586.36,587.0,576.51,583.17,10209100,-3.19,-0.54403,583.26,1.1521570653577884,2024-11-11,10209100,583.17
2024-11-12,META,588.54,599.66,580.38,584.82,16287724,-3.72,-0.63207,588.35,1.1582463003284498,2024-11-12,16287724,584.82
2024-11-13,META,582.61,585.64,575.17,580.0,10757600,-2.61,-0.44798,580.855,1.140458353323246,2024-11-13,10757600,580.0
2024-11-14,META,577.0,580.76,573.01,577.16,11053743,0.16,0.02772964,576.9825,1.1299774882828353,2024-11-14,11053743,577.16
2024-11-15,META,571.22,572.57,551.5,554.08,17712900,-17.14,-3.0,562.3425,1.0448020076023177,2024-11-15,17712900,554.08
2024-11-18,META,557.04,559.9,550.09,554.4,14346715,-2.64,-0.47393,555.3575,1.0459829501420819,2024-11-18,14346715,554.4
2024-11-19,META,551.86,561.43,550.6,561.09,9522445,9.23,1.67,556.245,1.070672030114035,2024-11-19,9522445,561.09
2024-11-20,META,562.93,566.35,554.2,565.52,9797339,2.59,0.46009,562.25,1.0870207033989,2024-11-20,9797339,565.52
2024-11-21,META,569.52,570.0,549.05,563.09,11154749,-6.43,-1.13,562.915,1.0780529209875631,2024-11-21,11154749,563.09
2024-11-22,META,563.55,563.83,554.59,559.14,9164004,-4.41,-0.78254,560.2775,1.0634756615123444,2024-11-22,9164004,559.14
2024-11-25,META,562.1,572.59,556.39,565.11,13599830,3.01,0.53549,564.0475,1.0855076207698269,2024-11-25,13599830,565.11
2024-11-26,META,566.0,577.5,565.2,573.54,10356600,7.54,1.33,570.56,1.1166180758017488,2024-11-26,10356600,573.54
2024-11-27,META,574.89,574.98,564.1,569.2,7200228,-5.69,-0.98975,570.7925,1.1006015426061926,2024-11-27,7200228,569.2
2024-11-29,META,569.0,578.46,566.9,574.32,7130519,5.32,0.93497,572.17,1.1194966232424255,2024-11-29,7130519,574.32
2024-12-02,META,577.5,594.5,575.57,592.83,12522400,15.33,2.65,585.1,1.187806768276931,2024-12-02,12522400,592.83
2024-12-03,META,595.0,614.2,591.25,613.65,14907200,18.65,3.13,603.525,1.2646418422703616,2024-12-03,14907200,613.65
2024-12-04,META,612.96,617.78,605.1,613.78,14697006,0.82,0.13378,612.405,1.265121600177141,2024-12-04,14697006,613.78
2024-12-05,META,617.08,619.9,607.05,608.93,8081212,-8.15,-1.32,613.24,1.2472229398088346,2024-12-05,8081212,608.93
2024-12-06,META,610.1,629.79,608.53,623.77,16935503,13.67,2.24,618.0475,1.3019891500904155,2024-12-06,16935503,623.77
2024-12-09,META,623.92,626.4,606.17,613.57,11426015,-10.35,-1.66,617.515,1.2643466066354208,2024-12-09,11426015,613.57
2024-12-10,META,617.56,625.59,612.74,619.32,10938900,1.76,0.28499,618.8025,1.285566667896815,2024-12-10,10938900,619.32
2024-12-11,META,623.37,638.4,621.53,632.68,10837228,9.31,1.49,628.995,1.3348710189319846,2024-12-11,10837228,632.68
2024-12-12,META,631.5,636.66,627.21,630.79,7474717,-0.71,-0.11243,631.54,1.3278960770565003,2024-12-12,7474717,630.79
2024-12-13,META,627.22,631.08,616.89,620.35,8453349,-6.87,-1.1,623.885,1.2893678266966822,2024-12-13,8453349,620.35
2024-12-16,META,629.98,631.15,618.58,624.24,10885625,-5.74,-0.91114,625.9875,1.3037236594456947,2024-12-16,10885625,624.24
2024-12-17,META,626.17,632.37,616.54,619.44,12897842,-6.73,-1.07,623.63,1.2860095213492269,2024-12-17,12897842,619.44
2024-12-18,META,621.0,627.36,596.32,597.19,17075500,-23.81,-3.83,610.4675,1.2038971103812228,2024-12-18,17075500,597.19
2024-12-19,META,610.39,611.52,595.0,595.57,14958100,-14.82,-2.43,603.12,1.197918588773665,2024-12-19,14958100,595.57
2024-12-20,META,590.58,603.11,580.0,585.25,48989400,-5.33,-0.9025,589.735,1.1598331918662579,2024-12-20,48989400,585.25
2024-12-23,META,589.6,601.09,586.25,599.85,10205800,10.25,1.74,594.1975,1.2137136952430159,2024-12-23,10205800,599.85
2024-12-24,META,602.72,607.99,599.28,607.75,4726100,5.03,0.83455,604.435,1.2428682141934528,2024-12-24,4726100,607.75
2024-12-26,META,605.48,606.3,598.94,603.35,6091239,-2.13,-0.35179,603.5175,1.2266302542716905,2024-12-26,6091239,603.35
2024-12-27,META,599.41,601.85,589.8,599.81,8084229,0.4,0.06673229,597.7175,1.2135660774255448,2024-12-27,8084229,599.81
2024-12-30,META,588.75,596.94,585.58,591.24,7025900,2.49,0.42293,590.6275,1.181938960032476,2024-12-30,7025900,591.24
2024-12-31,META,592.27,593.97,583.85,585.51,6019520,-6.75,-1.14,588.9,1.1607927076798168,2024-12-31,6019520,585.51
2025-01-02,META,589.72,604.91,587.82,599.24,12682300,9.52,1.61,595.4225,1.2114625235265897,2025-01-02,12682300,599.24
2025-01-03,META,604.76,609.5,596.41,604.63,11436800,-0.13,-0.02149613,603.825,1.2313540244307486,2025-01-03,11436800,604.63
2025-01-06,META,611.83,630.99,605.62,630.2,14560800,18.38,3.0,619.66,1.3257187142488096,2025-01-06,14560800,630.2
2025-01-07,META,631.7,632.1,608.23,617.89,12071500,-13.81,-2.19,622.48,1.2802893309222418,2025-01-07,12071500,617.89
2025-01-08,META,613.4,616.44,602.79,610.72,10085846,-2.67,-0.43691,610.8375,1.253828837140643,2025-01-08,10085846,610.72
2025-01-10,META,610.03,629.91,597.34,615.86,19256600,5.83,0.95569,613.285,1.272797726685611,2025-01-10,19256600,615.86
2025-01-13,META,607.1,608.97,598.45,608.33,10785031,1.23,0.2026,605.7125,1.2450086725467764,2025-01-13,10785031,608.33
2025-01-14,META,605.07,605.49,588.55,594.25,13598000,-10.82,-1.79,598.34,1.1930472007971358,2025-01-14,13598000,594.25
2025-01-15,META,610.21,622.46,606.5,617.12,15524302,6.91,1.13,614.0725,1.2774476879359336,2025-01-15,15524302,617.12
2025-01-16,META,611.5,616.25,609.71,611.3,8355349,-0.2,-0.03270646,612.19,1.2559692954939656,2025-01-16,8355349,611.3
2025-01-17,META,624.05,624.97,603.67,612.77,17280600,-11.28,-1.81,616.365,1.2613942502860094,2025-01-17,17280600,612.77
2025-01-21,META,617.83,621.5,609.01,616.46,11674016,-1.37,-0.22174,616.2,1.2750119939476692,2025-01-21,11674016,616.46
2025-01-22,META,623.3,633.7,619.43,623.5,12274011,0.2,0.03208728,624.9825,1.3009927298224895,2025-01-22,12274011,623.5
2025-01-23,META,627.36,636.6,621.15,636.45,9910200,9.09,1.45,630.39,1.348783998228586,2025-01-23,9910200,636.45
2025-01-24,META,636.4,652.0,634.2,647.49,19065329,11.09,1.74,642.5225,1.3895265158504628,2025-01-24,19065329,647.49
2025-01-27,META,626.61,663.87,625.1,659.88,28399200,33.27,5.31,643.865,1.4352511348119714,2025-01-27,28399200,659.88
2025-01-28,META,666.0,682.58,659.47,674.33,20950107,8.33,1.25,670.595,1.4885780713732149,2025-01-28,20950107,674.33
2025-01-29,META,675.0,681.05,665.67,676.49,21377820,1.49,0.22074,674.5525,1.4965494335166252,2025-01-29,21377820,676.49
2025-01-30,META,696.82,710.79,676.1,687.0,29322900,-9.82,-1.41,692.6775,1.535336015057017,2025-01-30,29322900,687.0
2025-01-31,META,691.0,705.3,685.58,689.18,19331660,-1.82,-0.26339,692.765,1.5433811861091629,2025-01-31,19331660,689.18
2025-02-03,META,675.91,704.0,675.25,697.46,21415739,21.55,3.19,688.155,1.573938074325571,2025-02-03,21415739,697.46
2025-02-04,META,702.5,707.71,691.61,704.19,13826300,1.69,0.24057,701.5025,1.5987747721149943,2025-02-04,13826300,704.19
2025-02-05,META,703.55,718.14,699.01,704.87,17793766,1.32,0.18762,706.3925,1.6012842750119938,2025-02-05,17793766,704.87
2025-02-06,META,705.88,718.9,703.5,711.99,13080700,6.11,0.86559,710.0675,1.627560246521755,2025-02-06,13080700,711.99
2025-02-07,META,716.8,725.01,711.75,714.52,16427100,-2.27,-0.31808,717.02,1.6368970734767685,2025-02-07,16427100,714.52
2025-02-10,META,718.56,721.2,711.33,717.4,12904317,-1.16,-0.16143,717.1225,1.6475255563346494,2025-02-10,12904317,717.4
2025-02-11,META,713.32,723.66,710.04,719.8,12998000,6.48,0.90843,716.705,1.6563826253828835,2025-02-11,12998000,719.8
2025-02-12,META,715.3,727.1,712.6,725.38,12016517,10.08,1.41,720.095,1.6769753109200276,2025-02-12,12016517,725.38
2025-02-13,META,721.52,729.0,718.04,728.56,12569100,7.04,0.97572,724.28,1.6887109274089376,2025-02-13,12569100,728.56
2025-02-14,META,726.14,740.91,725.62,736.67,16901249,10.53,1.45,732.335,1.7186404399010957,2025-02-14,16901249,736.67
2025-02-18,META,736.0,737.0,706.44,716.37,21938703,-19.63,-2.67,723.9525,1.6437243975347822,2025-02-18,21938703,716.37
2025-02-19,META,704.1,707.0,695.39,703.77,17535500,-0.325,-0.04686834,702.565,1.5972247850315529,2025-02-19,17535500,703.77
2025-02-20,META,697.28,705.63,693.64,694.84,12587408,-2.43,-0.34993,697.8475,1.5642691072812487,2025-02-20,12587408,694.84
2025-02-21,META,696.58,703.87,682.36,683.55,15660400,-13.03,-1.87,691.59,1.5226039783001806,2025-02-21,15660400,683.55
2025-02-24,META,686.28,687.27,662.45,668.13,15677000,-18.15,-2.64,676.0325,1.4656973096652761,2025-02-24,15677000,668.13
2025-02-25,META,665.97,668.0,641.86,657.5,20579700,-8.47,-1.27,658.3325,1.4264678746724728,2025-02-25,20579700,657.5
2025-02-26,META,659.65,683.01,658.0,673.7,14488705,14.05,2.13,668.59,1.4862530907480531,2025-02-26,14488705,673.7
2025-02-27,META,682.45,688.65,657.57,658.24,12500013,-24.21,-3.55,671.7275,1.4291988042956785,2025-02-27,12500013,658.24
2025-02-28,META,658.04,669.63,642.6,668.2,17534200,10.16,1.54,659.6175,1.4659556408458498,2025-02-28,17534200,668.2
2025-03-03,META,673.68,681.25,650.84,655.05,10843800,-18.62,-2.77,665.205,1.4174262833524,2025-03-03,10843800,655.05
2025-03-04,META,645.51,649.75,623.65,640.0,21495208,-5.51,-0.85359,639.7275,1.3618850795290989,2025-03-04,21495208,640.0
2025-03-05,META,641.0,659.5,637.66,656.47,13770026,15.47,2.41,648.6575,1.4226667158726056,2025-03-05,13770026,656.47
2025-03-06,META,648.0,650.56,624.11,627.93,13446500,-20.07,-3.1,637.65,1.3173414031073545,2025-03-06,13446500,627.93
2025-03-07,META,625.37,634.79,600.61,625.66,21375700,0.29,0.04637255,621.6075,1.3089640919658998,2025-03-07,21375700,625.66
2025-03-10,META,608.07,610.11,586.87,597.99,21999943,-10.08,-1.66,600.76,1.2068494667306342,2025-03-10,21999943,597.99
2025-03-11,META,595.05,614.93,593.33,605.71,17401500,10.66,1.79,602.255,1.235339705502454,2025-03-11,17401500,605.71
2025-03-12,META,629.9,633.33,609.35,619.56,15747000,-10.34,-1.64,623.035,1.2864523748016383,2025-03-12,15747000,619.56
2025-03-13,META,620.25,620.5,586.51,590.64,16480324,-29.61,-4.77,604.475,1.1797246927704172,2025-03-13,16480324,590.64
2025-03-14,META,602.8,608.86,594.78,607.6,12364505,4.8,0.79628,603.51,1.2423146473779383,2025-03-14,12364505,607.6
2025-03-17,META,607.46,613.1,598.0,604.9,15473909,-2.56,-0.42143,605.865,1.2323504446986746,2025-03-17,15473909,604.9
2025-03-18,META,600.05,600.25,574.66,582.36,20297708,-17.69,-2.95,589.33,1.1491678045540095,2025-03-18,20297708,582.36
2025-03-19,META,584.28,592.32,574.77,584.06,20537500,-0.22,-0.03765318,583.8575,1.1554415617965086,2025-03-19,20537500,584.06
2025-03-20,META,582.76,610.2,579.51,586.0,24336505,3.25,0.55598,589.6175,1.162601025943831,2025-03-20,24336505,586.0
2025-03-21,META,583.42,597.54,580.95,596.25,25015900,12.83,2.2,589.54,1.2004280916706644,2025-03-21,25015900,596.25
2025-03-24,META,614.97,622.54,612.2,618.85,15741300,3.88,0.63093,617.14,1.2838321585415358,2025-03-24,15741300,618.85
2025-03-25,META,626.76,633.88,621.18,626.31,15312540,-0.45,-0.07179782,627.0325,1.3113628814997966,2025-03-25,15312540,626.31
2025-03-26,META,624.89,626.75,606.61,610.98,12661891,-13.91,-2.23,617.3075,1.2547883529542014,2025-03-26,12661891,610.98
2025-03-27,META,602.0,614.25,600.1,602.58,10436524,0.58,0.09634551,604.7325,1.2237886112853822,2025-03-27,10436524,602.58
2025-03-28,META,600.31,601.75,573.92,576.74,17602823,-23.57,-3.93,588.18,1.1284275011993947,2025-03-28,17602823,576.74
2025-03-31,META,563.5,578.7,553.3,576.36,21124700,12.86,2.28,567.965,1.1270251319334244,2025-03-31,21124700,576.36
2025-04-01,META,570.84,589.91,570.0,586.0,12836600,15.16,2.66,579.1875,1.162601025943831,2025-04-01,12836600,586.0
2025-04-02,META,574.91,592.66,573.36,583.93,13470800,9.02,1.57,581.215,1.1549618038897291,2025-04-02,13470800,583.93
2025-04-03,META,546.22,552.56,530.3,531.62,34777500,-14.6,-2.67,540.175,0.9619146030925931,2025-04-03,34777500,531.62
2025-04-04,META,506.62,518.0,494.2,504.73,38589814,-1.89,-0.37306,505.8875,0.8626785252980034,2025-04-04,38589814,504.73
2025-04-07,META,485.1,539.37,481.9,516.25,36606136,31.15,6.42,505.655,0.9051924567295271,2025-04-07,36606136,516.25
2025-04-08,META,543.25,547.43,502.86,510.45,28034211,-32.8,-6.04,525.9975,0.8837878731962945,2025-04-08,28034211,510.45
2025-04-09,META,509.27,587.89,502.11,585.77,39216600,76.51,15.02,546.26,1.1617522234933753,2025-04-09,39216600,585.77
2025-04-10,META,575.49,581.3,535.3,546.29,28173500,-29.2,-5.07,559.595,1.0160534376499242,2025-04-10,28173500,546.29
2025-04-11,META,535.51,547.4,528.59,543.57,17642327,8.07,1.51,538.7675,1.0060154260619258,2025-04-11,17642327,543.57
2025-04-14,META,556.17,557.77,528.28,531.48,14130928,-24.69,-4.44,543.425,0.9613979407314461,2025-04-14,14130928,531.48
2025-04-15,META,532.11,537.94,517.5,521.52,15558700,-10.59,-1.99,527.2675,0.9246411041812743,2025-04-15,15558700,521.52
2025-04-16,META,508.51,513.37,495.63,502.31,18735100,-6.2,-1.22,504.955,0.8537476473410339,2025-04-16,18735100,502.31
2025-04-17,META,505.25,507.3,498.01,501.48,14593508,-3.77,-0.74617,503.01,0.8506845776285197,2025-04-17,14593508,501.48
2025-04-21,META,491.33,493.5,479.8,484.66,16166000,-6.66,-1.36,487.3225,0.7886112853821456,2025-04-21,16166000,484.66
2025-04-22,META,491.87,506.88,486.36,500.28,17399408,8.41,1.71,496.3475,0.8462560431044024,2025-04-22,17399408,500.28
2025-04-23,META,528.53,535.34,516.52,520.27,18173910,-8.25,-1.56,525.165,0.9200280473853191,2025-04-23,18173910,520.27
2025-04-24,META,518.73,533.9,517.5,533.15,13910011,14.42,2.78,525.82,0.9675609846108422,2025-04-24,13910011,533.15
2025-04-25,META,546.8,549.86,536.25,547.27,17098921,0.47,0.08595465,545.045,1.0196700741779532,2025-04-25,17098921,547.27
2025-04-28,META,555.64,558.49,540.59,549.74,15179000,-5.9,-1.06,551.115,1.0287854744067606,2025-04-28,15179000,549.74
2025-04-29,META,546.0,556.57,544.12,554.44,11835036,8.44,1.55,550.2825,1.0461305679595525,2025-04-29,11835036,554.44
2025-04-30,META,538.4,549.1,529.5,549.0,29244000,10.6,1.97,541.5,1.026054544783555,2025-04-30,29244000,549.0
2025-05-01,META,592.08,592.95,570.5,572.21,31159033,-19.87,-3.36,581.935,1.111709783370853,2025-05-01,31159033,572.21
2025-05-02,META,583.46,604.34,578.33,597.02,24739300,13.56,2.32,590.7875,1.2032697346569727,2025-05-02,24739300,597.02
2025-05-05,META,591.22,603.21,588.05,599.27,13887724,8.05,1.36,595.4375,1.2115732368896923,2025-05-05,13887724,599.27
2025-05-06,META,592.53,596.03,586.58,587.31,10600700,-5.22,-0.88097,590.6125,1.1674355094659923,2025-05-06,10600700,587.31
2025-05-07,META,590.36,603.08,586.67,596.81,13160976,6.45,1.09,594.23,1.202494741115252,2025-05-07,13160976,596.81
2025-05-08,META,606.29,611.3,596.62,598.01,14622805,-8.27,-1.37,603.055,1.2069232756393693,2025-05-08,14622805,598.01
2025-05-09,META,603.72,606.97,591.71,592.49,10427300,-11.23,-1.86,598.7225,1.186552016828431,2025-05-09,10427300,592.49
2025-05-12,META,630.92,640.39,621.03,639.43,21965100,8.51,1.35,632.9425,1.3597815256301433,2025-05-12,21965100,639.43
2025-05-13,META,645.54,660.92,642.83,656.03,18570821,10.49,1.62,651.33,1.421042919880429,2025-05-13,18570821,656.03
2025-05-14,META,661.21,662.67,654.31,659.36,12348200,-1.85,-0.27979,659.3875,1.433332103184854,2025-05-14,12348200,659.36
2025-05-15,META,654.28,657.31,638.58,643.88,14341835,-10.39,-1.59,648.5125,1.3762040078237439,2025-05-15,14341835,643.88
2025-05-16,META,637.96,640.44,626.15,640.34,18519000,2.38,0.37306,636.2225,1.363139830977599,2025-05-16,18519000,640.34
2025-05-19,META,628.25,643.0,627.8,640.43,9592400,12.18,1.94,634.87,1.3634719710669074,2025-05-19,9592400,640.43
2025-05-20,META,636.01,639.35,632.26,637.1,6743500,1.09,0.17138,636.18,1.351182787762483,2025-05-20,6743500,637.1
2025-05-21,META,631.79,646.61,630.17,635.5,11464600,3.71,0.58722,636.0175,1.3452780750636602,2025-05-21,11464600,635.5
2025-05-22,META,634.05,643.25,630.71,636.57,8228443,2.52,0.39744,636.145,1.349226851680998,2025-05-22,8228443,636.57
2025-05-23,META,624.0,632.45,622.65,627.06,8454100,3.06,0.49038,626.54,1.3141307155773698,2025-05-23,8454100,627.06
2025-05-27,META,635.41,643.08,632.75,642.32,9508400,6.91,1.09,638.39,1.3704469129423922,2025-05-27,9508400,642.32
2025-05-28,META,642.6,650.88,642.55,643.58,9042900,0.98,0.15251,644.9025,1.3750968741927148,2025-05-28,9042900,643.58
2025-05-29,META,651.65,653.32,639.5,645.05,8883436,-6.6,-1.01,647.38,1.380521828984758,2025-05-29,8883436,645.05
2025-05-30,META,642.5,649.41,632.78,647.49,16241000,4.99,0.77665,643.045,1.3895265158504628,2025-05-30,16241000,647.49
2025-06-02,META,644.39,673.26,644.26,670.9,15766300,26.51,4.11,658.2025,1.475919843525113,2025-06-02,15766300,670.9
2025-06-03,META,671.45,675.58,665.03,666.85,11585031,-4.6,-0.68508,669.7275,1.4609735395062184,2025-06-03,11585031,666.85
2025-06-04,META,669.32,689.0,668.57,687.95,14031931,18.63,2.78,678.71,1.5388419382219434,2025-06-04,14031931,687.95
2025-06-05,META,691.66,694.38,682.25,684.62,13120335,-7.04,-1.02,688.2275,1.5265527549175184,2025-06-05,13120335,684.62
2025-06-06,META,696.17,702.81,691.87,697.71,11728000,1.54,0.22121,697.14,1.574860685684762,2025-06-06,11728000,697.71
2025-06-09,META,698.46,705.19,693.94,694.06,12773221,-4.4,-0.62996,697.9125,1.5613905598405724,2025-06-09,12773221,694.06
2025-06-10,META,701.35,703.23,691.56,702.4,10850146,1.05,0.14971,699.635,1.592168874783186,2025-06-10,10850146,702.4
2025-06-11,META,703.71,708.87,691.99,694.14,9582508,-9.57,-1.36,699.6775,1.5616857954755137,2025-06-11,9582508,694.14
2025-06-12,META,693.3,695.38,687.0,693.36,7322730,0.06,0.00865426,692.26,1.5588072480348374,2025-06-12,7322730,693.36
2025-06-13,META,687.95,694.57,681.01,682.87,9274441,-5.08,-0.73843,686.6,1.520094475403181,2025-06-13,9274441,682.87
2025-06-16,META,699.33,707.15,693.51,702.12,13720300,2.79,0.39895,700.5275,1.591135550060892,2025-06-16,13720300,702.12
2025-06-17,META,702.0,705.97,696.06,697.23,10066110,-4.77,-0.67949,700.315,1.5730892718751153,2025-06-17,10066110,697.23
2025-06-18,META,698.18,701.59,694.9,695.77,10068300,-2.41,-0.34518,697.61,1.567701221537439,2025-06-18,10068300,695.77
2025-06-20,META,700.75,701.82,678.67,682.35,22538640,-18.4,-2.63,690.8975,1.5181754437760637,2025-06-20,22538640,682.35
2025-06-23,META,683.69,699.05,678.75,698.53,11080100,14.84,2.17,690.005,1.5778868509429085,2025-06-23,11080100,698.53
2025-06-24,META,704.89,713.19,702.11,712.2,13823200,7.32,1.04,708.0975,1.6283352400634756,2025-06-24,13823200,712.2
2025-06-25,META,713.32,716.58,705.38,708.68,9320436,-4.64,-0.65048,710.99,1.615344872126065,2025-06-25,9320436,708.68
2025-06-26,META,714.36,728.22,711.05,726.09,13964800,11.74,1.64,719.93,1.6795955271801306,2025-06-26,13964800,726.09
2025-06-27,META,726.52,735.43,725.86,733.63,18775735,7.12,0.97864,730.36,1.7074214857733327,2025-06-27,18775735,733.63
2025-06-30,META,744.55,747.9,734.25,738.09,15402105,-6.46,-0.86764,741.1975,1.7238808724213013,2025-06-30,15402105,738.09
2025-07-01,META,736.88,737.75,715.37,719.22,13431248,-17.65,-2.4,727.305,1.6542421670295604,2025-07-01,13431248,719.22
2025-07-02,META,715.33,720.3,712.8,713.57,9336740,-1.75,-0.24604,715.5,1.6333911503118426,2025-07-02,9336740,713.57
2025-07-03,META,726.61,729.03,714.42,719.01,8601700,-7.6,-1.05,722.2675,1.6534671734878397,2025-07-03,8601700,719.01
2025-07-07,META,717.6,727.0,713.51,718.35,9457100,0.75,0.10452,719.115,1.6510314794995753,2025-07-07,9457100,718.35
2025-07-08,META,721.57,722.91,714.81,720.67,7770700,-0.9,-0.12473,719.99,1.6595933129128682,2025-07-08,7770700,720.67
2025-07-09,META,722.72,737.53,722.72,732.78,11418000,10.06,1.39,728.9375,1.7042846071520827,2025-07-09,11418000,732.78
2025-07-10,META,731.55,735.8,719.6,727.24,9922249,-4.31,-0.58916,728.5475,1.6838395394324093,2025-07-10,9922249,727.24
2025-07-11,META,722.5,725.16,709.7,717.51,10873900,-4.99,-0.69066,718.7175,1.6479315053326933,2025-07-11,10873900,717.51
2025-07-14,META,717.6,728.0,716.55,720.92,8939400,3.32,0.46265,720.7675,1.660515924272059,2025-07-14,8939400,720.92
2025-07-15,META,723.9,724.47,709.82,710.39,11529511,-13.51,-1.87,717.145,1.6216555338229321,2025-07-15,11529511,710.39
2025-07-16,META,713.37,713.97,699.27,702.91,13067627,-10.46,-1.47,707.38,1.5940510019559357,2025-07-16,13067627,702.91
2025-07-17,META,704.39,705.9,697.11,701.41,11803300,-2.98,-0.42306,702.2025,1.5885153338007894,2025-07-17,11803300,701.41
2025-07-18,META,702.19,704.71,691.65,704.28,12779800,2.09,0.29764,700.7075,1.5991069122043027,2025-07-18,12779800,704.28
2025-07-21,META,706.8,717.0,705.76,712.97,9404400,6.17,0.87295,710.6325,1.631176883049784,2025-07-21,9404400,712.97
2025-07-22,META,716.19,716.6,701.41,704.81,8921100,-11.38,-1.59,709.7525,1.6010628482857876,2025-07-22,8921100,704.81
2025-07-23,META,706.37,714.63,704.93,713.58,8771615,7.22,1.02,709.8775,1.6334280547662101,2025-07-23,8771615,713.58
2025-07-24,META,717.05,723.62,714.0,714.8,10920836,-2.25,-0.31379,717.3675,1.637930398199062,2025-07-24,10920836,714.8
2025-07-25,META,716.92,720.65,711.9,712.68,8271700,-4.24,-0.59142,715.5375,1.630106653873122,2025-07-25,8271700,712.68
2025-07-28,META,715.2,724.74,712.68,717.63,8715743,2.43,0.33977,717.5625,1.6483743587851052,2025-07-28,8715743,717.63
2025-07-29,META,720.0,724.47,699.91,700.0,13267032,-20.0,-2.78,711.095,1.5833118057349518,2025-07-29,13267032,700.0
2025-07-30,META,708.09,708.5,691.2,695.21,27077300,-12.88,-1.82,700.75,1.5656345720928515,2025-07-30,27077300,695.21
2025-07-31,META,775.2,784.75,765.51,773.44,38831100,-1.76,-0.22704,774.725,1.8543381186109165,2025-07-31,38831100,773.44
2025-08-01,META,760.73,766.0,745.31,750.01,19028710,-10.72,-1.41,755.5125,1.7678709820275302,2025-08-01,19028710,750.01
2025-08-04,META,760.0,776.85,758.41,776.37,15801727,16.37,2.15,767.9075,1.865151123740635,2025-08-04,15801727,776.37
2025-08-05,META,776.45,783.13,763.0,763.46,11640300,-12.99,-1.67,771.51,1.8175074731520091,2025-08-05,11640300,763.46
2025-08-06,META,770.0,773.64,760.46,771.99,9733910,1.99,0.25844,769.0225,1.8489869727276078,2025-08-06,9733910,771.99
2025-08-07,META,773.49,775.0,759.55,761.83,9019700,-11.66,-1.51,767.4675,1.8114920470900837,2025-08-07,9019700,761.83
2025-08-08,META,762.75,769.9,758.58,769.3,7320800,6.55,0.85873,765.1325,1.8390596745027121,2025-08-08,7320800,769.3
2025-08-11,META,770.08,773.46,764.67,765.87,7612000,-4.21,-0.5467,768.52,1.8264014466546108,2025-08-11,7612000,765.87
2025-08-12,META,773.0,793.67,772.43,790.0,14579765,17.0,2.2,782.275,1.9154518950437316,2025-08-12,14579765,790.0
2025-08-13,META,791.15,795.46,778.23,780.08,8811800,-11.07,-1.4,786.23,1.8788426763110304,2025-08-13,8811800,780.08
2025-08-14,META,777.88,787.81,772.51,782.13,8116200,4.25,0.54636,780.0825,1.8864080894563973,2025-08-14,8116200,782.13
2025-08-15,META,784.15,796.25,780.82,785.23,13375400,1.08,0.13773,786.6125,1.8978484703103664,2025-08-15,13375400,785.23
2025-08-18,META,775.09,775.81,756.56,767.37,16513737,-7.72,-0.99601,768.7075,1.8319371148097572,2025-08-18,16513737,767.37
2025-08-19,META,767.12,767.17,749.36,751.48,12286700,-15.64,-2.04,758.7825,1.773295936819574,2025-08-19,12286700,751.48
2025-08-20,META,747.57,750.2,731.0,747.72,11898200,0.15,0.02006501,744.1225,1.7594198619773405,2025-08-20,11898200,747.72
2025-08-21,META,744.71,745.5,733.11,739.1,8876307,-5.61,-0.75331,740.605,1.727608222312433,2025-08-21,8876307,739.1
2025-08-22,META,739.23,756.9,734.39,754.79,10612700,15.56,2.1,746.3275,1.7855113112152634,2025-08-22,10612700,754.79
2025-08-25,META,754.82,758.88,750.13,753.3,6861200,-1.52,-0.20137,754.2825,1.7800125475144846,2025-08-25,6861200,753.3
2025-08-26,META,750.8,754.87,747.94,754.1,7601800,3.3,0.43953,751.9275,1.7829649038638964,2025-08-26,7601800,754.1
2025-08-27,META,752.3,754.15,742.84,747.38,8315435,-4.92,-0.65399,749.1675,1.7581651105288407,2025-08-27,8315435,747.38
2025-08-28,META,744.0,753.05,740.8,751.11,7468000,7.11,0.95565,747.24,1.7719304720079712,2025-08-28,7468000,751.11
2025-08-29,META,745.28,747.14,735.35,738.7,9070546,-6.58,-0.88289,741.6175,1.7261320441377275,2025-08-29,9070546,738.7
2025-09-02,META,726.04,736.0,721.73,735.11,9350900,9.07,1.25,729.72,1.7128833450197436,2025-09-02,9350900,735.11
2025-09-03,META,736.0,740.25,733.99,737.05,7699332,1.05,0.14266,736.8225,1.720042809167066,2025-09-03,7699332,737.05
2025-09-04,META,748.57,761.16,745.82,748.65,11439100,0.08,0.01068704,751.05,1.7628519762335308,2025-09-04,11439100,748.65
2025-09-05,META,752.62,757.95,745.03,752.45,9663441,-0.165,-0.02258776,752.0125,1.7768756688932354,2025-09-05,9663441,752.45
2025-09-08,META,756.0,766.51,752.02,752.3,13087816,-3.7,-0.48942,756.7075,1.7763221020777205,2025-09-08,13087816,752.3
2025-09-09,META,757.49,766.3,753.43,765.7,10999026,8.21,1.08,760.73,1.8257740709303611,2025-09-09,10999026,765.7
2025-09-10,META,765.13,765.7,751.0,751.98,12478300,-13.15,-1.72,758.4525,1.7751411595379558,2025-09-10,12478300,751.98
2025-09-11,META,754.65,757.1,748.37,750.9,7923300,-3.75,-0.49692,752.755,1.7711554784662504,2025-09-11,7923300,750.9
2025-09-12,META,748.73,757.57,743.76,755.59,8248600,6.87,0.91622,751.4125,1.7884636675646748,2025-09-12,8248600,755.59
2025-09-15,META,757.47,774.07,751.99,764.7,10533800,7.23,0.95449,762.0575,1.822083625493597,2025-09-15,10533800,764.7
2025-09-16,META,767.0,781.36,765.1,779.0,11782500,12.0,1.56,773.115,1.874856995239325,2025-09-16,11782500,779.0
2025-09-17,META,779.99,783.29,766.31,775.72,9400900,-4.27,-0.54744,776.3275,1.8627523342067387,2025-09-17,9400900,775.72
2025-09-18,META,780.75,788.78,773.36,780.25,10955000,-0.5,-0.06404099,780.785,1.8794700520352805,2025-09-18,10955000,780.25
2025-09-19,META,786.42,790.8,769.19,778.38,23696824,-8.04,-1.02,781.1975,1.8725689190685313,2025-09-19,23696824,778.38
2025-09-22,META,781.85,785.73,764.47,765.16,11706946,-16.69,-2.13,774.3025,1.8237812303945082,2025-09-22,11706946,765.16
2025-09-23,META,769.25,770.6,751.07,755.4,10872600,-13.85,-1.8,761.58,1.7877624829316896,2025-09-23,10872600,755.4
2025-09-24,META,757.5,761.11,752.53,760.66,8828227,3.16,0.41716,757.95,1.807174225929069,2025-09-24,8828227,760.66
2025-09-25,META,753.45,756.77,744.55,748.91,10591100,-4.54,-0.60256,750.92,1.7638114920470898,2025-09-25,10591100,748.91
2025-09-26,META,750.0,751.93,737.35,743.75,9696338,-6.25,-0.83333,745.7575,1.7447687935933867,2025-09-26,9696338,743.75
2025-09-29,META,748.72,750.78,739.15,743.4,9246800,-5.32,-0.71055,745.5125,1.743477137690519,2025-09-29,9246800,743.4
2025-09-30,META,742.25,742.97,726.3,734.38,16226800,-7.87,-1.06,736.475,1.7101893198509055,2025-09-30,16226800,734.38
2025-10-01,META,721.49,721.85,710.2,717.34,20419633,-4.15,-0.5752,717.72,1.6473041296084436,2025-10-01,20419633,717.34
2025-10-02,META,722.58,727.77,718.14,727.05,11415300,4.47,0.61862,723.885,1.6831383547994236,2025-10-02,11415300,727.05
2025-10-03,META,729.63,731.0,710.18,710.56,16154305,-19.07,-2.61,720.3425,1.6222829095471818,2025-10-03,16154305,710.56
2025-10-06,META,705.19,716.88,690.51,715.66,21654738,10.48,1.48,707.06,1.6411041812746796,2025-10-06,21654738,715.66
2025-10-07,META,717.72,718.5,705.75,713.08,12062928,-4.64,-0.64649,713.7625,1.6315828320478283,2025-10-07,12062928,713.08
2025-10-08,META,713.45,719.65,707.81,717.84,10790600,4.39,0.61532,714.6875,1.649149352326826,2025-10-08,10790600,717.84
2025-10-09,META,718.28,733.51,712.44,733.51,12717200,15.24,2.12,724.435,1.7069786323209208,2025-10-09,12717200,733.51
2025-10-10,META,730.92,735.27,704.51,705.3,16980100,-25.62,-3.51,719.0,1.6028711665498023,2025-10-10,16980100,705.3
2025-10-13,META,713.01,719.94,707.64,715.7,9251800,2.69,0.37727,714.0725,1.6412517990921502,2025-10-13,9251800,715.7
2025-10-14,META,707.78,715.55,699.33,708.65,8829800,0.87,0.12292,707.8275,1.6152341587629624,2025-10-14,8829800,708.65
2025-10-15,META,717.06,723.9,709.51,717.55,10246800,0.49,0.06833459,717.005,1.648079123150164,2025-10-15,10246800,717.55
2025-10-16,META,717.55,725.49,703.88,712.07,9017010,-5.48,-0.76371,714.7475,1.6278554821566962,2025-10-16,9017010,712.07
2025-10-17,META,707.08,718.54,706.12,716.92,12232441,9.84,1.39,712.165,1.6457541425250022,2025-10-17,12232441,716.92
2025-10-20,META,721.19,733.77,720.18,732.17,8900204,10.98,1.52,726.8275,1.7020334354356565,2025-10-20,8900204,732.17
2025-10-21,META,736.02,738.5,728.75,733.27,7647300,-2.75,-0.37363,734.135,1.7060929254160975,2025-10-21,7647300,733.27
2025-10-22,META,733.83,740.6,724.03,733.41,8734500,-0.42,-0.05723396,732.9675,1.7066095877772445,2025-10-22,8734500,733.41
2025-10-23,META,734.7,742.41,733.1,734.0,9856000,-0.7,-0.09527698,736.0525,1.7087869505849351,2025-10-23,9856000,734.0
2025-10-24,META,736.79,741.21,731.15,738.36,9151300,1.57,0.21309,736.8775,1.7248772926892273,2025-10-24,9151300,738.36
2025-10-27,META,749.73,755.75,748.01,750.82,11321100,1.09,0.14539,751.0775,1.7708602428313096,2025-10-27,11321100,750.82
2025-10-28,META,752.63,758.4,745.52,751.44,12193818,-1.19,-0.15811,751.9975,1.7731483190021033,2025-10-28,12193818,751.44
2025-10-29,META,754.75,759.16,742.51,751.67,26818600,-3.08,-0.40808,752.0225,1.7739971214525587,2025-10-29,26818600,751.67
2025-10-30,META,669.15,680.96,650.17,666.47,88440100,-2.68,-0.40051,666.6875,1.459571170240248,2025-10-30,88440100,666.47
2025-10-31,META,674.51,674.89,645.57,648.35,56953200,-26.16,-3.88,660.83,1.3927002989260804,2025-10-31,56953200,648.35
2025-11-03,META,656.0,659.33,636.18,637.71,33003600,-18.29,-2.79,647.305,1.353433959478909,2025-11-03,33003600,637.71
2025-11-04,META,628.04,641.74,626.01,627.32,27356600,-0.715,-0.11464,630.7775,1.3150902313909287,2025-11-04,27356600,627.32
2025-11-05,META,632.31,642.23,626.54,635.95,20219900,3.64,0.57567,634.2575,1.3469387755102038,2025-11-05,20219900,635.95
2025-11-06,META,635.85,636.0,618.0,618.94,23628800,-16.91,-2.66,627.1975,1.2841642986308446,2025-11-06,23628800,618.94
2025-11-07,META,616.49,622.13,601.2,621.71,29946826,5.23,0.84673,615.3825,1.2943868324906815,2025-11-07,29946826,621.71
2025-11-10,META,631.09,635.0,618.11,631.76,19245000,0.67,0.10617,628.99,1.3314758091301617,2025-11-10,19245000,631.76
2025-11-11,META,628.0,629.56,619.39,627.08,13302200,-0.92,-0.1465,626.0075,1.3142045244861054,2025-11-11,13302200,627.08
2025-11-12,META,628.13,628.99,607.77,609.01,24493300,-19.12,-3.04,618.475,1.2475181754437759,2025-11-12,24493300,609.01
2025-11-13,META,613.07,617.65,603.0,609.89,20973845,-3.18,-0.5187,610.9025,1.2507657674281285,2025-11-13,20973845,609.89
2025-11-14,META,601.79,613.68,595.2,609.46,20724146,7.67,1.27,605.0325,1.24917887589032,2025-11-14,20724146,609.46
2025-11-17,META,609.04,611.69,595.4,602.01,16501331,-7.02,-1.15,604.535,1.2216850573864262,2025-11-17,16501331,602.01
2025-11-18,META,591.6,603.66,583.78,597.69,25500647,6.09,1.03,594.1825,1.205742333099605,2025-11-18,25500647,597.69
2025-11-19,META,593.72,595.33,581.25,590.32,24744703,-3.39,-0.57266,590.155,1.1785437502306526,2025-11-19,24744703,590.32
2025-11-20,META,603.5,606.72,583.35,589.15,20603024,-14.35,-2.38,595.68,1.1742259290696384,2025-11-20,20603024,589.15
2025-11-21,META,588.5,598.12,581.86,594.25,21052624,5.75,0.97706,590.6825,1.1930472007971358,2025-11-21,21052624,594.25
2025-11-24,META,598.72,616.7,597.63,613.05,23554932,14.33,2.39,606.525,1.262427575008303,2025-11-24,23554932,613.05
2025-11-25,META,624.0,637.04,618.3,636.22,25213000,12.22,1.96,628.89,1.3479351957781303,2025-11-25,25213000,636.22
2025-11-26,META,637.69,638.36,631.63,633.61,15209500,-4.08,-0.63981,635.3225,1.3383031331881758,2025-11-26,15209500,633.61
2025-11-28,META,636.08,648.05,635.5,647.95,11033200,11.88,1.87,641.895,1.3912241207513745,2025-11-28,11033200,647.95
2025-12-01,META,639.55,645.32,637.76,640.87,13029922,1.32,0.2064,640.875,1.365095767059084,2025-12-01,13029922,640.87
2025-12-02,META,642.34,647.87,638.07,647.1,11640900,4.76,0.74104,643.845,1.388087242130125,2025-12-02,11640900,647.1
2025-12-03,META,644.41,648.85,637.55,639.6,11134305,-4.81,-0.74642,642.6025,1.3604089013543934,2025-12-03,11134305,639.6
2025-12-04,META,676.0,676.1,660.05,661.53,29874622,-14.47,-2.14,668.42,1.4413403697826324,2025-12-04,29874622,661.53
2025-12-05,META,664.0,674.69,662.39,673.42,21207900,9.42,1.42,668.625,1.4852197660257591,2025-12-05,21207900,673.42
2025-12-08,META,669.34,676.71,665.07,666.8,13161000,-2.54,-0.37948,669.48,1.4607890172343798,2025-12-08,13161000,666.8
2025-12-09,META,663.77,664.48,653.34,656.96,12997116,-6.8,-1.03,659.6375,1.4244750341366204,2025-12-09,12997116,656.96
2025-12-10,META,649.95,654.51,643.4,650.13,16910900,0.18,0.02769444,649.4975,1.3992692918035203,2025-12-10,16910900,650.13
2025-12-11,META,643.29,655.28,640.79,652.71,13056726,9.42,1.46,648.0175,1.408790641030372,2025-12-11,13056726,652.71
2025-12-12,META,649.8,711.0,638.61,644.23,14016915,-5.57,-0.85719,660.91,1.3774956637266116,2025-12-12,14016915,644.23
2025-12-15,META,645.7,653.0,638.7,647.51,15549100,1.81,0.28032,646.2275,1.3896003247591984,2025-12-15,15549100,647.51
2025-12-16,META,643.5,662.54,643.2,657.15,14309136,13.65,2.12,651.5975,1.425176218769605,2025-12-16,14309136,657.15
2025-12-17,META,655.61,661.23,649.2,649.5,15598548,-6.11,-0.93196,653.885,1.396944311178359,2025-12-17,15598548,649.5
2025-12-18,META,657.03,670.56,656.46,664.45,20260300,7.43,1.13,662.125,1.4521164704579843,2025-12-18,20260300,664.45
2025-12-19,META,666.42,671.0,658.18,658.77,49977100,-7.65,-1.15,663.5925,1.4311547403771634,2025-12-19,49977100,658.77
2025-12-22,META,661.65,673.58,656.65,661.5,15659400,-0.145,-0.0226706,663.345,1.4412296564195297,2025-12-22,15659400,661.5
2025-12-23,META,660.05,666.0,658.25,664.94,8486847,4.89,0.74085,662.31,1.4539247887219986,2025-12-23,8486847,664.94
2025-12-24,META,662.53,668.18,662.2,667.55,5627512,5.02,0.7577,665.115,1.463556851311953,2025-12-24,5627512,667.55
2025-12-26,META,668.06,668.95,661.32,663.29,7133813,-4.77,-0.71401,665.405,1.4478355537513372,2025-12-26,7133813,663.29
2025-12-29,META,658.01,660.25,654.39,658.69,8506500,0.68,0.10334,657.835,1.4308595047422221,2025-12-29,8506500,658.69
2025-12-30,META,658.69,672.22,657.84,665.95,9187500,7.26,1.1,663.675,1.4576521386131307,2025-12-30,9187500,665.95
2025-12-31,META,664.75,665.0,659.44,660.09,7940400,-4.66,-0.70102,662.32,1.4360261283536921,2025-12-31,7940400,660.09
2026-01-02,META,662.73,664.39,643.5,650.41,13726517,-12.32,-1.86,655.2575,1.4003026165258143,2026-01-02,13726517,650.41
